row.id,abstract.id,TaskforceAllocation,FulltextTopicIdentifier,FulltextReviewer,title,author,journal,volume,number,pages,year,doi,,,,,,
13,MA28,Intraspecific,competition-cooperation,BC,"Bargaining power and adolescent aggression: the role of fighting ability, coalitional strength, and mate value","Sell, Aaron and Eisner, Manuel and Ribeaud, Denis",EVOLUTION AND HUMAN BEHAVIOR,37,2,105-116,2016,10.1016/j.evolhumbehav.2015.09.003,,,,,,
14,MA32,Intraspecific,competition-cooperation,BC,"Behavioural type, status and social context affect behaviour and resource allocation in cooperatively breeding cichlids","Riebli, Thomas and Taborsky, Michael and Chervet, Noemie and Apolloni, Nadine and Zuercher, Yvonne and Heg, Dik",ANIMAL BEHAVIOUR,84,4,925-936,2012,10.1016/j.anbehav.2012.07.017,,,,,,
21,MA43,Intraspecific,competition-cooperation,BC,Cheats as first propagules: A new hypothesis for the evolution of individuality during the transition from single cells to multicellularity,"Rainey, Paul B. and Kerr, Benjamin",BIOESSAYS,32,10,872-880,2010,10.1002/bies.201000039,,,,,,
50,MA106,Intraspecific,competition-cooperation,BC,Dominance hierarchies in group-living cleaning gobies: causes and foraging consequences,"Whiteman, EA and Cote, IM",ANIMAL BEHAVIOUR,67,2,239-247,2004,10.1016/j.anbehav.2003.04.006,,,,,,
77,MA164,Intraspecific,male-female,BC,Genetic clusters and sex-biased gene flow in a unicolonial Formica ant,"Holzer, Barbara and Keller, Laurent and Chapuisat, Michel",BMC EVOLUTIONARY BIOLOGY,9,NA,NA,2009,10.1186/1471-2148-9-69,,,,,,
78,MA173,Intraspecific,competition-cooperation,BC,Harsh childhood environmental characteristics predict exploitation and retaliation in humans,"McCullough, M.E. and Pedersen, E.J. and Schroder, J.M. and Tabak, B.A. and Carver, C.S.",Proceedings of the Royal Society B: Biological Sciences,280,1750,NA,2013,10.1098/rspb.2012.2104,,,,,,
79,MA174,Intraspecific,competition-cooperation,BC,Helping effort in primitively eusocial wasps,"Field, J. and Cant, M.",Annales Zoologici Fennici,43,05-Jun,481-487,2006,NA,,,,,,
142,MA320,Intraspecific,male-female,BC,"Sexual conflict, ecology, and breeding systems in shorebirds","Szkely, T. and Thomas, G.H. and Cuthill, I.C.",BioScience,56,10,801-808,2006,10.1641/0006-3568(2006)56[801:SCEABS]2.0.CO;2,,,,,,
146,MA332,Intraspecific,competition-cooperation,BC,Social complementation and growth advantages promote socially defective bacterial isolates,"Kraemer, S.A. and Velicer, G.J.",Proceedings of the Royal Society B: Biological Sciences,281,1781,NA,2014,10.1098/rspb.2014.0036,,,,,,
150,MA339,Intraspecific,male-female,BC,"Sociosexuality, testosterone, and life history status: prospective associations and longitudinal changes among men in Cebu, Philippines","Gettler, Lee T. and Kuo, Patty X. and Rosenbaum, Stacy and Avila, Josephine L. and McDade, Thomas W. and Kuzawa, Christopher W.",EVOLUTION AND HUMAN BEHAVIOR,40,2,249-258,2019,10.1016/j.evolhumbehav.2018.11.001,,,,,,
161,MA361,Intraspecific,competition-cooperation,BC,Testis size depends on social status and the presence of male helpers in the cooperatively breeding cichlid Julidochromis ornatus,"Awata, S. and Heg, D. and Munehara, H. and Kohda, M.",Behavioral Ecology,17,3,372-379,2006,10.1093/beheco/arj043,,,,,,
164,MA369,Intraspecific,competition-cooperation,BC,The effect of attachment and environmental manipulations on cooperative behavior in the prisoner's dilemma game,"Taheri, M. and Rotshtein, P. and Beierholm, U.",PloS one,13,11,e0205730,2018,10.1371/journal.pone.0205730,,,,,,
169,MA375,Intraspecific,competition-cooperation,BC,The extended personality: indirect effects of behavioural syndromes on the behaviour of others in a group-living cichlid,"Hamilton, Ian M. and Ligocki, Isaac Y.",ANIMAL BEHAVIOUR,84,3,659-664,2012,10.1016/j.anbehav.2012.06.022,,,,,,
8,MA14,Intraspecific,male-female,CF,"All signals are not equal: acoustic signalling of individuality, sex and breeding status in a cooperative breeder","Warrington, Miyako H. and McDonald, Paul G. and Rollins, Lee Ann and Griffith, Simon C.",ANIMAL BEHAVIOUR,93,NA,249-260,2014,10.1016/j.anbehav.2014.05.007,,,,,,
66,MA138,Intraspecific,competition-cooperation,CF,Factors affecting individual participation in group-level aggression among non-human primates,"Kitchen, D.M. and Beehner, J.C.",Behaviour,144,12,1551-1581,2007,10.1163/156853907782512074,,,,,,
86,MA188,Intraspecific,male-female,CF,How individual and relative size affect participation in territorial defense and cortisol levels in a social fish,"Ligocki, Isaac Y. and Earley, Ryan L. and Hamilton, Ian M.",JOURNAL OF EXPERIMENTAL ZOOLOGY PART A-ECOLOGICAL AND INTEGRATIVE PHYSIOLOGY,331,4,217-226,2019,10.1002/jez.2255,,,,,,
90,MA200,Intraspecific,male-female,CF,Individual variation and the resolution of conflict over parental care in penduline tits,"van Dijk, R.E. and Szkely, T. and Komdeur, J. and Pogny, A. and Fawcett, T.W. and Weissing, F.J.",Proceedings of the Royal Society B: Biological Sciences,279,1735,1927-1936,2012,10.1098/rspb.2011.2297,,,,,,
99,MA215,Intraspecific,male-female,CF,Intra- and Intersexual Conflicts and Cooperation in the Evolution of Mating Strategies: Lessons Learnt From Ungulates,"Bro-Jrgensen, J.",Evolutionary Biology,38,1,28-41,2011,10.1007/s11692-010-9105-4,,,,,,
109,MA235,Intraspecific,male-female,CF,Male monkeys fight in between-group conflicts as protective parents and reluctant recruits,"Arseneau, T. Jean M. and Taucher, Anouk-Lisa and van Schaik, Carel P. and Willems, Erik P.",ANIMAL BEHAVIOUR,110,NA,39-50,2015,10.1016/j.anbehav.2015.09.006,,,,,,
122,MA271,Intraspecific,parent-offspring,CF,Parental care: Adjustments to conflict and cooperation,"Trillmich, F.",Animal Behaviour: Evolution and Mechanisms,NA,NA,267-298,2010,10.1007/978-3-642-02624-9_10,,,,,,
140,MA316,Intraspecific,male-female,CF,"Sex-dependent implications of primary productivity and conspecific density on geographical body size variation in a newt: disentangling local, large scale and genetic factors","Pealver-Alczar, M. and Martnez-Solano, I. and Sequeira, F. and Aragn, P.",Journal of Biogeography,44,9,2096-2108,2017,10.1111/jbi.12993,,,,,,
143,MA321,Intraspecific,male-female,CF,Sexual cooperation relies on food controlled by females in agromyzid flies,"Ge, J. and Wei, J. and Tao, Y. and Kang, L.",Animal Behaviour,149,NA,55-63,2019,10.1016/j.anbehav.2019.01.001,,,,,,
145,MA331,Intraspecific,male-female,CF,Social cohesion in yellow-bellied marmots is established through age and kin structuring,"Wey, Tina W. and Blumstein, Daniel T.",ANIMAL BEHAVIOUR,79,6,1343-1352,2010,10.1016/j.anbehav.2010.03.008,,,,,,
174,MA384,Intraspecific,competition-cooperation,CF,"The origins of consistent individual differences in cooperation in wild banded mongooses, Mungos mungo","Sanderson, Jennifer L. and Stott, Iain and Young, Andrew J. and Vitikainen, Emma I. K. and Hodge, Sarah J. and Cant, Michael A.",ANIMAL BEHAVIOUR,107,NA,193-200,2015,10.1016/j.anbehav.2015.06.022,,,,,,
180,MA395,Intraspecific,male-female,CF,Transitivity and structural balance in marmot social networks,"Wey, Tina W. and Jordan, Ferenc and Blumstein, Daniel T.",BEHAVIORAL ECOLOGY AND SOCIOBIOLOGY,73,6,NA,2019,10.1007/s00265-019-2699-3,,,,,,
184,MA401,Intraspecific,competition-cooperation,CF,Variable ecological conditions promote male helping by changing banded mongoose group composition,"Marshall, Harry H. and Sanderson, Jennifer L. and Mwanghuya, Francis and Businge, Robert and Kyabulima, Solomon and Hares, Michelle C. and Inzani, Emma and Kalema-Zikusoka, Gladys and Mwesige, Kenneth and Thompson, Faye J. and Vitikainen, Emma I. K. and Cant, Michael A.",BEHAVIORAL ECOLOGY,27,4,978-987,2016,10.1093/beheco/arw006,,,,,,
1,MA2,Interspecific,plant-animal,CM,A common framework for identifying linkage rules across different types of interactions,"Bartomeus, Ignasi and Gravel, Dominique and Tylianakis, Jason M. and Aizen, Marcelo A. and Dickie, Ian A. and Bernard-Verdier, Maud",FUNCTIONAL ECOLOGY,30,12,1894-1903,2016,10.1111/1365-2435.12666,,,,,,
9,MA18,Interspecific,predator-prey,CM,Antagonistic evolution in an aposematic predator-prey signaling system,"Speed, Michael P. and Franks, Daniel W.",EVOLUTION,68,10,2996-3007,2014,10.1111/evo.12498,,,,,,
19,MA38,Interspecific,competition-cooperation,CM,Can cleanerfish overcome temptation? A selective role for dopamine influence on cooperative-based decision making,"Soares, Marta C. and Cardoso, Sonia C. and Malato, Joao T. and Messias, Joao P. M.",PHYSIOLOGY \& BEHAVIOR,169,NA,124-129,2017,10.1016/j.physbeh.2016.11.028,,,,,,
24,MA49,Interspecific,plant-animal,CM,Codivergence and multiple host species use by fig wasp populations of the Ficus pollination mutualism,"McLeish, Michael J. and van Noort, Simon",BMC EVOLUTIONARY BIOLOGY,12,NA,NA,2012,10.1186/1471-2148-12-1,,,,,,
27,MA60,Interspecific,plant-animal,CM,Competing for seed dispersal: evidence for the role of avian seed hoarders in mediating apparent predation among oaks,"Pesendorfer, Mario B. and Koenig, Walter D.",FUNCTIONAL ECOLOGY,31,3,622-631,2017,10.1111/1365-2435.12770,,,,,,
44,MA92,Interspecific,plant-animal,CM,Direct and indirect effects of pollinators and seed predators to selection on plant and floral traits,"Cariveau, D and Irwin, RE and Brody, AK and Garcia-Mayeya, LS and von der Ohe, A",OIKOS,104,1,15-26,2004,10.1111/j.0030-1299.2004.12641.x,,,,,,
46,MA99,Interspecific,plant-animal,CM,Do seed-dispersing birds exert selection on optimal plant trait combinations? Correlated phenotypic selection on the fruit and seed size of hawthorn (Crataegus monogyna),"Sobral, Mar and Larrinaga, Asier R. and Guitian, Jose",EVOLUTIONARY ECOLOGY,24,"6, SI",1277-1290,2010,10.1007/s10682-010-9380-7,,,,,,
69,MA145,Interspecific,predator-prey,CM,Feeding repellence in Antarctic bryozoans,"Figuerola, B. and Nez-Pons, L. and Moles, J. and Avila, C.",Naturwissenschaften,100,11,1069-1081,2013,10.1007/s00114-013-1112-8,,,,,,
70,MA153,Interspecific,plant-animal,CM,Foraging strategy predicts foraging economy in a facultative secondary nectar robber,"Richman, Sarah K. and Irwin, Rebecca E. and Bronstein, Judith L.",OIKOS,126,9,1250-1257,2017,10.1111/oik.04229,,,,,,
95,MA206,Interspecific,plant-animal,CM,Insect seed predators and environmental change,"Lewis, Owen T. and Gripenberg, Sofia",JOURNAL OF APPLIED ECOLOGY,45,6,1593-1599,2008,10.1111/j.1365-2664.2008.01575.x,,,,,,
107,MA230,Interspecific,plant-animal,CM,Leaf domatia and mites on Australasian plants: ecological and evolutionary implications,"O'DOWD, D.J. and WILLSON, M.F.",Biological Journal of the Linnean Society,37,3,191-236,1989,10.1111/j.1095-8312.1989.tb01901.x,,,,,,
119,MA267,Interspecific,competition-cooperation,CM,Parabiotic associations between tropical ants: Equal partnership or parasitic exploitation?,"Menzel, F. and Blthgen, N.",Journal of Animal Ecology,79,1,71-81,2010,10.1111/j.1365-2656.2009.01628.x,,,,,,
157,MA353,Interspecific,competition-cooperation,CM,State-space modelling of the drivers of movement behaviour in sympatric species,"Prez-Barbera, F.J. and Small, M. and Hooper, R.J. and Aldezabal, A. and Soriguer-Escofet, R. and Bakken, G.S. and Gordon, I.J.",PLoS ONE,10,11,NA,2015,10.1371/journal.pone.0142707,,,,,,
18,MA36,Intraspecific,competition-cooperation,ET,Birth order affects behaviour in the investment game: firstborns are less trustful and reciprocate less,"Courtiol, Alexandre and Raymond, Michel and Faurie, Charlotte",ANIMAL BEHAVIOUR,78,6,1405-1411,2009,10.1016/j.anbehav.2009.09.016,,,,,,
20,MA39,Intraspecific,competition-cooperation,ET,"Capuchin monkeys (Sapajus {[}Cebus] apella) play Nash equilibria in dynamic games, but their decisions are likely not influenced by oxytocin","Smith, Mackenzie F. and Leverett, Kelly L. and Wilson, Bart J. and Brosnan, Sarah F.",AMERICAN JOURNAL OF PRIMATOLOGY,81,4,NA,2019,10.1002/ajp.22973,,,,,,
35,MA76,Intraspecific,competition-cooperation,ET,Cooperation and conflict in ant foundress associations: insights from geographical variation,"Cahan, SH",ANIMAL BEHAVIOUR,61,4,819-825,2001,10.1006/anbe.2000.1671,,,,,,
38,MA79,Intraspecific,competition-cooperation,ET,Cooperation in humans: competition between groups and proximate emotions,"Burton-Chellew, Maxwell N. and Ross-Gillespie, Adin and West, Stuart A.",EVOLUTION AND HUMAN BEHAVIOR,31,2,104-108,2010,10.1016/j.evolhumbehav.2009.07.005,,,,,,
49,MA105,Intraspecific,competition-cooperation,ET,Dominance hierarchies and associated signalling in a cooperative passerine,"Rat, M. and van Dijk, R.E. and Covas, R. and Doutrelant, C.",Behavioral Ecology and Sociobiology,69,3,437-448,2015,10.1007/s00265-014-1856-y,,,,,,
55,MA114,Intraspecific,competition-cooperation,ET,Effects of competitive and cooperative interaction among neighboring trees on tree growth in a naturally regenerated even-aged Larix sibirica stand in considering height stratification,"Mitsuda, Y. and Ito, S. and Takata, K.",Journal of Forest Research,7,4,185-191,2002,10.1007/BF02763131,,,,,,
67,MA140,Intraspecific,competition-cooperation,ET,"Facultative control of offspring sex in the cooperatively breeding bell miner, Manorina melanophrys","Ewen, J.G. and Crozier, R.H. and Cassey, P. and Ward-Smith, T. and Painter, J.N. and Robertson, R.J. and Jones, D.A. and Clarke, M.F.",Behavioral Ecology,14,2,157-164,2003,10.1093/beheco/14.2.157,,,,,,
71,MA156,Intraspecific,competition-cooperation,ET,Friend or foe: Inter-specific interactions and conflicts of interest within the family,"De Gasperin, O. and Kilner, R.M.",Ecological Entomology,40,6,787-795,2015,10.1111/een.12259,,,,,,
98,MA214,Intraspecific,competition-cooperation,ET,Intra- and interindividual differences in the costs and benefits of intergroup aggression in female vervet monkeys,"Arseneau-Robar, T. Jean M. and Taucher, Anouk L. and Schnider, Alessandra B. and van Schaik, Carel P. and Willems, Erik P.",ANIMAL BEHAVIOUR,123,NA,129-137,2017,10.1016/j.anbehav.2016.10.034,,,,,,
103,MA223,Intraspecific,competition-cooperation,ET,Intraspecific variation in colony founding behavior and social organization in the honey ant Myrmecocystus mendax,"Eriksson, T.H. and Hlldobler, B. and Taylor, J.E. and Gadau, J.",Insectes Sociaux,66,2,283-297,2019,10.1007/s00040-019-00687-y,,,,,,
139,MA315,Intraspecific,competition-cooperation,ET,"Sex differences in intrasexual aggression among sex-role-reversed, cooperatively breeding cichlid fish Julidochromis regani","Ito, Munehiko H. and Yamaguchi, Motoomi and Kutsukake, Nobuyuki",JOURNAL OF ETHOLOGY,35,1,137-144,2017,10.1007/s10164-016-0501-9,,,,,,
156,MA352,Intraspecific,competition-cooperation,ET,State-dependent sentinels: an experimental study in the Arabian babbler,"Wright, J and Maklakov, AA and Khazin, V",PROCEEDINGS OF THE ROYAL SOCIETY B-BIOLOGICAL SCIENCES,268,1469,821-826,2001,10.1098/rspb.2000.1574,,,,,,
176,MA387,Intraspecific,competition-cooperation,ET,The social network structure of a wild meerkat population: 3. Position of individuals within networks,"Madden, J. R. and Drewe, J. A. and Pearce, G. P. and Clutton-Brock, T. H.",BEHAVIORAL ECOLOGY AND SOCIOBIOLOGY,65,10,1857-1871,2011,10.1007/s00265-011-1194-2,,,,,,
22,MA47,Interspecific,plant-animal,JK,"Climate Change and Phenological Mismatch in Trophic Interactions Among Plants, Insects, and Vertebrates","Renner, Susanne S. and Zohner, Constantin M.",NA,49,NA,165-182,2018,10.1146/annurev-ecolsys-110617-062535,,,,,,
34,MA74,Interspecific,host-symbiont,JK,Contrasting effects of Wolbachia on cytoplasmic incompatibility and fecundity in the haplodiploid mite Tetranychus urticae,"Perrot-Minnot, M.-J. and Cheval, B. and Migeon, A. and Navajas, M.",Journal of Evolutionary Biology,15,5,808-817,2002,10.1046/j.1420-9101.2002.00446.x,,,,,,
45,MA94,Interspecific,host-symbiont,JK,Divergent host phenotypes create opportunities and constraints on the distribution of two wing-dwelling feather mites,"Fernandez-Gonzalez, S. and De la Hera, I. and Prez-Rodrguez, A. and Prez-Tris, J.",Oikos,122,8,1227-1237,2013,10.1111/j.1600-0706.2012.00241.x,,,,,,
54,MA112,Interspecific,host-symbiont,JK,Ectosymbiosis is a critical factor in. the local benthic biodiversity of the Antarctic deep sea,"Heterier, Vincent and David, Bruno and De Ridder, Chantal and Rigaud, Thierry",MARINE ECOLOGY PROGRESS SERIES,364,NA,67-76,2008,10.3354/meps07487,,,,,,
59,MA123,Interspecific,host-symbiont,JK,Evolution and invasion dynamics of multiple infections with Wolbachia investigated using matrix based models,"Vautrin, E. and Charles, S. and Genieys, S. and Vavre, F.",JOURNAL OF THEORETICAL BIOLOGY,245,2,197-209,2007,10.1016/j.jtbi.2006.09.035,,,,,,
82,MA181,Interspecific,host-symbiont,JK,Host sharing by the honey bee parasites Lotmaria passim and Nosema ceranae,"Tritschler, M. and Retschnig, G. and Yaez, O. and Williams, G.R. and Neumann, P.",Ecology and Evolution,7,6,1850-1857,2017,10.1002/ece3.2796,,,,,,
101,MA220,Interspecific,plant-animal,JK,Intraspecific differences in plant chemotype determine the structure of arthropod food webs,"Blint, J. and Zytynska, S.E. and Salamon, R.V. and Mehrparvar, M. and Weisser, W.W. and Schmitz, O.J. and Benedek, K. and Balog, A.",Oecologia,180,3,797-807,2016,10.1007/s00442-015-3508-y,,,,,,
104,MA224,Interspecific,host-symbiont,JK,Intraspecific variation in indirect plant-soil feedbacks influences a wetland plant invasion,"Allen, Warwick J. and Meyerson, Laura A. and Flick, Andrew J. and Cronin, James T.",ECOLOGY,99,6,1430-1440,2018,10.1002/ecy.2344,,,,,,
111,MA242,Interspecific,host-symbiont,JK,"Metabolic diversity and niche structure in sponges from the Miskito Cays, Honduras","Freeman, C.J. and Easson, C.G. and Baker, D.M.",PeerJ,2014,12,NA,2014,10.7717/peerj.695,,,,,,
132,MA291,Interspecific,host-symbiont,JK,Potential for endophyte symbiosis to increase resistance of the native grass Poa alsodes to invasion by the non-native grass Microstegium vimineum,"Craig, S. and Kannadan, S. and Flory, S.L. and Seifert, E.K. and Whitney, K.D. and Rudgers, J.A.",Symbiosis,53,1,17-28,2011,10.1007/s13199-010-0102-2,,,,,,
134,MA298,Interspecific,host-symbiont,JK,Rapid viral symbiogenesis via changes in parasitoid wasp genome architecture,"Burke, G.R. and Simmonds, T.J. and Sharanowski, B.J. and Geib, S.M.",Molecular Biology and Evolution,35,10,2463-2474,2018,10.1093/molbev/msy148,,,,,,
135,MA299,Interspecific,host-symbiont,JK,"Rates of parasitism, but not allocation of egg resources, vary among and within hosts of a generalist avian brood parasite","Merrill, L. and Chiavacci, S.J. and Paitz, R.T. and Benson, T.J.",Oecologia,184,2,399-410,2017,10.1007/s00442-017-3870-z,,,,,,
179,MA393,Interspecific,plant-animal,JK,Trait-Based Modeling of Multihost Pathogen Transmission: Plant-Pollinator Networks,"Truitt, Lauren L. and McArt, Scott H. and Vaughn, Andrew H. and Ellner, Stephen P.",AMERICAN NATURALIST,193,6,E149-E167,2019,10.1086/702959,,,,,,
7,MA11,Intraspecific,competition-cooperation,JW,Age-dependent change of coalitionary strategy in male Barbary macaques,"Rathke, E.-M. and Berghnel, A. and Bissonnette, A. and Ostner, J. and Schlke, O.",Primate Biology,4,1,01-Jul,2017,10.5194/pb-4-1-2017,,,,,,
48,MA103,Intraspecific,competition-cooperation,JW,Does soil type drive social organization in southern hairy-nosed wombats?,"Walker, Faith M. and Taylor, Andrea C. and Sunnucks, Paul",MOLECULAR ECOLOGY,16,1,199-208,2007,10.1111/j.1365-294X.2006.03131.x,,,,,,
58,MA120,Intraspecific,competition-cooperation,JW,Endocrinology of sociality: Comparisons between sociable and solitary individuals within the same population of African striped mice,"Schoepf, Ivana and Schradin, Carsten",HORMONES AND BEHAVIOR,64,1,89-94,2013,10.1016/j.yhbeh.2013.04.011,,,,,,
63,MA128,Intraspecific,competition-cooperation,JW,Evolution of intra-ejaculate sperm interactions: Do sperm cooperate?,"Higginson, D.M. and Pitnick, S.",Biological Reviews,86,1,249-270,2011,10.1111/j.1469-185X.2010.00147.x,,,,,,
68,MA143,Interspecific,host-symbiont,JW,Feather mite abundance varies but symbiotic nature of mite-host relationship does not differ between two ecologically dissimilar warblers,"Matthews, A.E. and Larkin, J.L. and Raybuck, D.W. and Slevin, M.C. and Stoleson, S.H. and Boves, T.J.",Ecology and Evolution,8,2,1227-1238,2018,10.1002/ece3.3738,,,,,,
72,MA157,Interspecific,host-symbiont,JW,From pattern to process: Species and functional diversity in fungal endophytes of Abies beshanzuensis,"Yuan, Z.-L. and Rao, L.-B. and Chen, Y.-C. and Zhang, C.-L. and Wu, Y.-G.",Fungal Biology,115,3,197-213,2011,10.1016/j.funbio.2010.11.002,,,,,,
88,MA198,Intraspecific,male-female,JW,Individual contributions to territory defence in a cooperative breeder: weighing up the benefits and costs,"Mares, Rafael and Young, Andrew J. and Clutton-Brock, Tim H.",PROCEEDINGS OF THE ROYAL SOCIETY B-BIOLOGICAL SCIENCES,279,1744,3989-3995,2012,10.1098/rspb.2012.1071,,,,,,
110,MA236,Intraspecific,male-female,JW,Male reproductive skew is higher in bonobos than chimpanzees,"Surbeck, M. and Langergraber, K.E. and Fruth, B. and Vigilant, L. and Hohmann, G.",Current Biology,27,13,R640-R641,2017,10.1016/j.cub.2017.05.039,,,,,,
121,MA270,Interspecific,host-symbiont,JW,"Parasitism, personality and cognition in fish","Barber, I. and Mora, A.B. and Payne, E.M. and Weinersmith, K.L. and Sih, A.",Behavioural Processes,141,NA,205-219,2017,10.1016/j.beproc.2016.11.012,,,,,,
141,MA319,Intraspecific,male-female,JW,Sexual conflict predicts morphology and behavior in two species of penduline tits,"Van Dijk, R.E. and Pogny, . and Komdeur, J. and Lloyd, P. and Szkely, T.",BMC Evolutionary Biology,10,1,NA,2010,10.1186/1471-2148-10-107,,,,,,
158,MA354,Intraspecific,competition-cooperation,JW,Strategic adjustment of begging effort by banded mongoose pups,"Bell, M.B.V.",Proceedings of the Royal Society B: Biological Sciences,275,1640,1313-1319,2008,10.1098/rspb.2008.0173,,,,,,
175,MA386,Intraspecific,male-female,JW,The social context of a territorial dispute differentially influences the way individuals in breeding pairs coordinate their aggressive tactics,"Schuppe, E.R. and Sanin, G.D. and Fuxjager, M.J.",Behavioral Ecology and Sociobiology,70,5,673-682,2016,10.1007/s00265-016-2088-0,,,,,,
181,MA396,Interspecific,host-symbiont,JW,"Traps of carnivorous pitcher plants as a habitat: Composition of the fluid, biodiversity and mutualistic activities","Adlassnig, W. and Peroutka, M. and Lendl, T.",Annals of Botany,107,2,181-194,2011,10.1093/aob/mcq238,,,,,,
2,MA4,Modelling,n/a,KJB,A General Scheme to Predict Partner Control Mechanisms in Pairwise Cooperative Interactions Between Unrelated Individuals,"Bshary, R. and Bronstein, J.L.",Ethology,117,4,271-283,2011,10.1111/j.1439-0310.2011.01882.x,,,,,,
16,MA34,Modelling,n/a,KJB,Bet hedging based cooperation can limit kin selection and form a basis for mutualism,"Uitdehaag, Joost C. M.",JOURNAL OF THEORETICAL BIOLOGY,280,1,76-87,2011,10.1016/j.jtbi.2011.04.002,,,,,,
26,MA54,Modelling,n/a,KJB,Communal range defence in primates as a public goods dilemma,"Willems, E.P. and Arseneau, T.J.M. and Schleuning, X. and van Schaik, C.P.",Philosophical Transactions of the Royal Society B: Biological Sciences,370,1683,NA,2015,10.1098/rstb.2015.0003,,,,,,
32,MA71,Modelling,n/a,KJB,Conflicting selection in the course of adaptive diversification: The interplay between mutualism and intraspecific competition,"Raimundo, R.L.G. and Gibert, J.P. and Hembry, D.H. and Guimares Jr., P.R.",American Naturalist,183,3,363-375,2014,10.1086/674965,,,,,,
85,MA186,Modelling,n/a,KJB,"Hot spots, cold spots, and the geographic mosaic theory of coevolution","Gomulkiewicz, R and Thompson, JN and Holt, RD and Nuismer, SL and Hochberg, ME",AMERICAN NATURALIST,156,2,156-174,2000,10.1086/303382,,,,,,
93,MA204,Modelling,n/a,KJB,Inducible defence and the social evolution of herd immunity,"Frank, SA",PROCEEDINGS OF THE ROYAL SOCIETY B-BIOLOGICAL SCIENCES,265,1408,1911-1913,1998,10.1098/rspb.1998.0519,,,,,,
100,MA217,Modelling,n/a,KJB,Intra-group relatedness affects parental and helper investment rules in offspring care,"Savage, J.L. and Russell, A.F. and Johnstone, R.A.",Behavioral Ecology and Sociobiology,67,11,1855-1865,2013,10.1007/s00265-013-1595-5,,,,,,
114,MA252,Modelling,n/a,KJB,"Mutualism, market effects and partner control","Johnstone, R. A. and Bshary, R.",JOURNAL OF EVOLUTIONARY BIOLOGY,21,3,879-888,2008,10.1111/j.1420-9101.2008.01505.x,,,,,,
128,MA284,Modelling,n/a,KJB,Plant-animal mutualism in biological markets: Evolutionary and ecological dynamics driven by non-heritable phenotypic variance,"Song, Zhiyuan and Feldman, Marcus W.",THEORETICAL POPULATION BIOLOGY,88,NA,20-30,2013,10.1016/j.tpb.2013.06.002,,,,,,
129,MA286,Modelling,n/a,KJB,Policing and group cohesion when resources vary,"Frank, SA",ANIMAL BEHAVIOUR,52,6,1163-1169,1996,10.1006/anbe.1996.0263,,,,,,
154,MA345,Modelling,n/a,KJB,Spatial evolutionary dynamics produce a negative cooperation-population size relationship,"Tekwa, Edward W. and Gonzalez, Andrew and Loreau, Michel",THEORETICAL POPULATION BIOLOGY,125,NA,94-101,2019,10.1016/j.tpb.2018.12.003,,,,,,
159,MA359,Modelling,n/a,KJB,Symbiotic sympatric speciation through interaction-driven phenotype differentiation,"Kaneko, K and Yomo, T",EVOLUTIONARY ECOLOGY RESEARCH,4,3,317-350,2002,NA,,,,,,
166,MA371,Modelling,n/a,KJB,The effects of behavioral plasticity and leadership on the predictions of optimal skew models,"Hamilton, Ian M.",BEHAVIORAL ECOLOGY,24,2,444-456,2013,10.1093/beheco/ars182,,,,,,
10,MA19,Interspecific,host-symbiont,LKL,Antagonistic interactions among coral-associated bacteria,"Rypien, K.L. and Ward, J.R. and Azam, F.",Environmental Microbiology,12,1,28-39,2010,10.1111/j.1462-2920.2009.02027.x,,,,,,
11,MA22,Interspecific,host-symbiont,LKL,Aphid-encoded variability in susceptibility to a parasitoid,"Martinez, A.J. and Ritter, S.G. and Doremus, M.R. and Russell, J.A. and Oliver, K.M.",BMC Evolutionary Biology,14,1,NA,2014,10.1186/1471-2148-14-127,,,,,,
33,MA73,Interspecific,host-symbiont,LKL,Context-dependent interactions of insects and defensive symbionts: insights from a novel system in siricid woodwasps,"Hajek, A.E. and Morris, E.E. and Hendry, T.A.",Current Opinion in Insect Science,33,NA,77-83,2019,10.1016/j.cois.2019.03.006,,,,,,
53,MA110,Interspecific,host-symbiont,LKL,Ecological characteristics of insects that affect symbiotic relationships with mites,"Okabe, K.",Entomological Science,16,4,363-378,2013,10.1111/ens.12050,,,,,,
64,MA130,Interspecific,plant-animal,LKL,Evolution of tree killing in bark beetles (Coleoptera: Curculionidae): Trade-offs between the maddening crowds and a sticky situation,"Lindgren, B.S. and Raffa, K.F.",Canadian Entomologist,145,5,471-495,2013,10.4039/tce.2013.27,,,,,,
76,MA163,Interspecific,host-symbiont,LKL,Genetic and genomic evidence of niche partitioning and adaptive radiation in mountain pine beetle fungal symbionts,"Alayon, Dario I. Ojeda and Tsui, Clement K. M. and Feau, Nicolas and Capron, Arnaud and Dhillon, Braham and Zhang, Yiyuan and Alamouti, Sepideh Massoumi and Boone, Celia K. and Carroll, Allan L. and Cooke, Janice E. K. and Roe, Amanda D. and Sperling, Felix A. H. and Hamelin, Richard C.",MOLECULAR ECOLOGY,26,"7, SI",2077-2091,2017,10.1111/mec.14074,,,,,,
102,MA222,Interspecific,host-symbiont,LKL,Intraspecific variation in allelochemistry determines an invasive species' impact on soil microbial communities,"Lankau, Richard A.",OECOLOGIA,165,2,453-463,2011,10.1007/s00442-010-1736-8,,,,,,
120,MA268,Interspecific,host-symbiont; predator-prey,LKL,Parallel and nonparallel behavioural evolution in response to parasitism and predation in Trinidadian guppies,"Jacquin, L. and Reader, S.M. and Boniface, A. and Mateluna, J. and Patalas, I. and Prez-Jvostov, F. and Hendry, A.P.",Journal of evolutionary biology,29,7,1406-1422,2016,10.1111/jeb.12880,,,,,,
125,MA280,Interspecific,host-symbiont,LKL,"Plant and insect microbial symbionts alter the outcome of plantherbivoreparasitoid interactions: implications for invaded, agricultural and natural systems","Bennett, A.E. and Millar, N.S. and Gedrovics, E. and Karley, A.J.",Journal of Ecology,104,6,1734-1744,2016,10.1111/1365-2745.12620,,,,,,
126,MA281,Interspecific,plant-animal,LKL,Plant biotic interactions in the Sonoran desert: Current knowledge and future research perspectives,"Franklin, K.A. and Sommers, P.N. and Aslan, C.E. and Lpez, B.R. and Bronstein, J.L. and Bustamante, E. and Brquez, A. and Medelln, R.A. and Marazzi, B.",International Journal of Plant Sciences,177,3,217-234,2016,10.1086/684261,,,,,,
131,MA290,Interspecific,host-symbiont,LKL,Population-specific responses to an invasive species,"Reichard, M. and Douda, K. and Przybyski, M. and Popa, O.P. and Karbanov, E. and Matasov, K. and Rylkov, K. and Polaik, M. and Blaek, R. and Smith, C.",Proceedings of the Royal Society B: Biological Sciences,282,1812,01-Aug,2015,10.1098/rspb.2015.1063,,,,,,
137,MA303,Interspecific,host-symbiont,LKL,Regional collapse of symbiotic specificity between lucanid beetles and canestriniid mites,"Okabe, K. and Masuya, H. and Kanzaki, N. and Taki, H.",Naturwissenschaften,99,11,959-965,2012,10.1007/s00114-012-0979-0,,,,,,
144,MA326,Interspecific,host-symbiont,LKL,Small-scale spatial heterogeneity in infection levels by symbionts of the amphipod Talorchestia quoyana (Talitridae),"Poulin, R and Rate, SR",MARINE ECOLOGY PROGRESS SERIES,212,NA,211-216,2001,10.3354/meps212211,,,,,,
29,MA63,Modelling,n/a,MW,Competitive altruism: from reciprocity to the handicap principle,"Roberts, G",PROCEEDINGS OF THE ROYAL SOCIETY B-BIOLOGICAL SCIENCES,265,1394,427-431,1998,10.1098/rspb.1998.0312,,,,,,
42,MA84,Modelling,n/a,MW,Culture and the evolution of social learning,"Flinn, MV",EVOLUTION AND HUMAN BEHAVIOR,18,1,23-67,1997,10.1016/S1090-5138(96)00046-3,,,,,,
51,MA108,Modelling,n/a,MW,Dominant and subordinate outside options alter help and eviction in a pay-to-stay negotiation model,"Hellmann, Jennifer K. and Hamilton, Ian M.",BEHAVIORAL ECOLOGY,29,3,553-562,2018,10.1093/beheco/ary006,,,,,,
61,MA126,Modelling,n/a,MW,Evolution of equal division among unequal partners,"Debove, Stephane and Baumard, Nicolas and Andre, Jean-Baptiste",EVOLUTION,69,2,561-569,2015,10.1111/evo.12583,,,,,,
62,MA127,Modelling,n/a,MW,Evolution Of Helping And Harming In Heterogeneous Groups,"Rodrigues, A.M.M. and Gardner, A.",Evolution,67,8,2284-2298,2013,10.1111/evo.12110,,,,,,
94,MA205,Modelling,n/a,MW,Information use and resource competition: An integrative framework,"Lee, A.E.G. and Ounsley, J.P. and Coulson, T. and Marcus Rowcliffe, J. and Cowlishaw, G.",Proceedings of the Royal Society B: Biological Sciences,283,1825,NA,2016,10.1098/rspb.2015.2550,,,,,,
147,MA334,Modelling,n/a,MW,Social heterosis and the maintenance of genetic diversity,"Nonacs, P. and Kapheim, K.M.",Journal of Evolutionary Biology,20,6,2253-2265,2007,10.1111/j.1420-9101.2007.01418.x,,,,,,
162,MA363,Modelling,n/a,MW,The behavioural ecology of personality: consistent individual differences from an adaptive perspective,"Dall, SRX and Houston, AI and McNamara, JM",ECOLOGY LETTERS,7,8,734-739,2004,10.1111/j.1461-0248.2004.00618.x,,,,,,
167,MA372,Modelling,n/a,MW,The evolution of cooperation by negotiation in a noisy world,"Ito, K. and McNamara, J. M. and Yamauchi, A. and Higginson, A. D.",JOURNAL OF EVOLUTIONARY BIOLOGY,30,3,603-615,2017,10.1111/jeb.13030,,,,,,
168,MA373,Modelling,n/a,MW,The evolution of cooperative turn-taking in animal conflict,"Franz, M. and Van Der Post, D. and Schlke, O. and Ostner, J.",BMC Evolutionary Biology,11,1,NA,2011,10.1186/1471-2148-11-323,,,,,,
171,MA377,Modelling,n/a,MW,The fundamental role of competition in the ecology and evolution of mutualisms,"Jones, Emily I. and Bronstein, Judith L. and Ferriere, Regis",NA,1256,NA,66-88,2012,10.1111/j.1749-6632.2011.06552.x,,,,,,
186,MA403,Modelling,n/a,MW,Variation and the response to variation as a basis for successful cooperation,"McNamara, J.M. and Leimar, O.",Philosophical Transactions of the Royal Society B: Biological Sciences,365,1553,2627-2633,2010,10.1098/rstb.2010.0159,,,,,,
189,MA406,Modelling,n/a,MW,Viral quasispecies profiles as the result of the interplay of competition and cooperation,"Arbiza, J. and Mirazo, S. and Fort, H.",BMC Evolutionary Biology,10,1,NA,2010,10.1186/1471-2148-10-137,,,,,,
12,MA25,Interspecific,competition-cooperation,NC,Arginine vasotocin modulates associative learning in a mutualistic cleaner fish,"Cardoso, Sonia C. and Bshary, Redouan and Mazzei, Renata and Paitio, Jose R. and Oliveira, Rui F. and Soares, Marta C.",BEHAVIORAL ECOLOGY AND SOCIOBIOLOGY,69,7,1173-1181,2015,10.1007/s00265-015-1931-z,,,,,,
73,MA159,Interspecific,plant-animal,NC,From species to individuals: does the variation in ant-plant networks scale result in structural and functional changes?,"Koch, Elmo B. A. and Dattilo, Wesley and Camarota, Flavio and Vasconcelos, Heraldo L.",POPULATION ECOLOGY,60,4,309-318,2018,10.1007/s10144-018-0634-5,,,,,,
74,MA160,Interspecific,plant-animal,NC,Functional consequences of plant-animal interactions along the mutualism-antagonism gradient,"Rodrguez-Rodrguez, M.C. and Jordano, P. and Valido, A.",Ecology,98,5,1266-1276,2017,10.1002/ecy.1756,,,,,,
75,MA162,Interspecific,plant-animal,NC,Gender- and sequence-dependent predation within group colonizers of defended plants: a constraint on cheating among bark beetles?,"Aukema, BH and Raffa, KF",OECOLOGIA,138,2,253-258,2004,10.1007/s00442-003-1433-y,,,,,,
80,MA175,Interspecific,predator-prey,NC,Heritable variation in prey defence provides refuge for subdominant predators,"Lenhart, Paul A. and Jackson, Kelly A. and White, Jennifer A.",PROCEEDINGS OF THE ROYAL SOCIETY B-BIOLOGICAL SCIENCES,285,1879,NA,2018,10.1098/rspb.2018.0523,,,,,,
89,MA199,Interspecific,predator-prey,NC,Individual interaction data are required in community ecology: a conceptual review of the predator-prey mass ratio and more,"Nakazawa, Takefumi",ECOLOGICAL RESEARCH,32,1,05-Dec,2017,10.1007/s11284-016-1408-1,,,,,,
153,MA344,Interspecific,competition-cooperation,NC,Spatial consequences for dolphins specialized in foraging with fishermen,"Cantor, Mauricio and Simoes-Lopes, Paulo C. and Daura-Jorge, Fabio G.",ANIMAL BEHAVIOUR,139,NA,19-27,2018,10.1016/j.anbehav.2018.03.002,,,,,,
155,MA351,Interspecific,host-symbiont,NC,State-dependent parasitism by a facultative parasite of fruit flies,"Luong, L.T. and Brophy, T. and Stolz, E. and Chan, S.J.",Parasitology,144,11,1468-1475,2017,10.1017/S0031182017000890,,,,,,
163,MA367,Interspecific,host-symbiont,NC,The distribution of Symbiodinium diversity within individual host foraminifera,"Fay, S.A. and Weber, M.X. and Lipps, J.H.",Coral Reefs,28,3,717-726,2009,10.1007/s00338-009-0511-y,,,,,,
172,MA379,Interspecific,host-symbiont,NC,The hoopoe's uropygial gland hosts a bacterial community influenced by the living conditions of the bird,"Rodrguez-Ruano, S.M. and Martn-Vivaldi, M. and Martn-Platero, A.M. and Lpez-Lpez, J.P. and Peralta-Snchez, J.M. and Ruiz-Rodrguez, M. and Soler, J.J. and Valdivia, E. and Martnez-Bueno, M.",PLoS ONE,10,10,NA,2015,10.1371/journal.pone.0139734,,,,,,
177,MA389,Interspecific,host-symbiont,NC,The ubiquitous and varied role of infection in the lives of animals and plants,"Moran, NA",AMERICAN NATURALIST,160,S,S1-S8,2002,10.1086/342113,,,,,,
191,MA409,Interspecific,competition-cooperation,NC,When mutualisms matter: Rhizobia effects on plant communities depend on host plant population and soil nitrogen availability,"Keller, Kane R. and Lau, Jennifer A.",JOURNAL OF ECOLOGY,106,3,1046-1056,2018,10.1111/1365-2745.12938,,,,,,
192,MA411,Interspecific,host-symbiont,NC,"Wolbachia requirement for oogenesis: occurrence within the genus Asobara (Hymenoptera, Braconidae) and evidence for intraspecific variation in A-tabida","Dedeine, F and Bouletreau, M and Vavre, F",HEREDITY,95,5,394-400,2005,10.1038/sj.hdy.6800739,,,,,,
23,MA48,Intraspecific,competition-cooperation,NL,Coalitions destabilize dyadic dominance relationships in male Barbary macaques (Macaca sylvanus),"Berghaenel, Andreas and Ostner, Julia and Schuelke, Oliver",BEHAVIOUR,148,Nov-13,1257-1275,2011,10.1163/000579511X600628,,,,,,
40,MA81,Intraspecific,competition-cooperation,NL,Cooperative personalities and social niche specialization in female meerkats,"Carter, A.J. and English, S. and Clutton-Brock, T.H.",Journal of Evolutionary Biology,27,5,815-825,2014,10.1111/jeb.12358,,,,,,
65,MA136,Intraspecific,competition-cooperation,NL,"Exploration is dependent on reproductive state, not social state, in a cooperatively breeding bird","Edwards, Hannah A. and Dugdale, Hannah L. and Richardson, David S. and Komdeur, Jan and Burke, Terry",BEHAVIORAL ECOLOGY,27,6,1889-1896,2016,10.1093/beheco/arw119,,,,,,
81,MA180,Intraspecific,competition-cooperation,NL,Hormonal underpinnings of status conflict: Testosterone and cortisol are related to decisions and satisfaction in the hawk-dove game,"Mehta, Pranjal H. and DesJardins, Nicole M. Lawless and van Vugt, Mark and Josephs, Robert A.",HORMONES AND BEHAVIOR,92,SI,141-154,2017,10.1016/j.yhbeh.2017.03.009,,,,,,
105,MA227,Intraspecific,competition-cooperation,NL,Kinetics of aggregate formation in social insects,"Nicolis, S.C.",Bulletin of Mathematical Biology,69,7,2387-2403,2007,10.1007/s11538-007-9224-y,,,,,,
106,MA228,Intraspecific,competition-cooperation,NL,Large-scale regional variation in cooperation and conflict among queens of the desert ant Messor pergandei,"Helms, K.R. and Helms Cahan, S.",Animal Behaviour,84,3,499-507,2012,10.1016/j.anbehav.2012.05.019,,,,,,
123,MA274,Intraspecific,competition-cooperation,NL,Patterns of participation and free riding in territorial conflicts among ringtailed lemurs (Lemur catta),"Nunn, C.L. and Deaner, R.O.",Behavioral Ecology and Sociobiology,57,1,50-61,2004,10.1007/s00265-004-0830-5,,,,,,
124,MA275,Intraspecific,competition-cooperation,NL,Personality and density affect nest defence and nest survival in the great tit,"Vrublevska, J. and Krama, T. and Rantala, M.J. and Mierauskas, P. and Freeberg, T.M. and Krams, I.A.",Acta Ethologica,18,2,111-120,2015,10.1007/s10211-014-0191-7,,,,,,
130,MA287,Intraspecific,competition-cooperation,NL,Policing and punishment across the domains of social evolution,"Singh, M. and Boomsma, J.J.",Oikos,124,8,971-982,2015,10.1111/oik.02064,,,,,,
136,MA301,Intraspecific,competition-cooperation,NL,Reconciling with Valuable Partners by Longtailed Macaques,"Cords, M. and Thurnheer, S.",Ethology,93,4,315-325,1993,10.1111/j.1439-0310.1993.tb01212.x,,,,,,
182,MA398,Intraspecific,competition-cooperation,NL,Turn-taking ceremonies in a colonial seabird: Does behavioral variation signal individual condition?,"Takahashi, L.S. and Storey, A.E. and Wilhelm, S.I. and Walsh, C.J.",Auk,134,3,530-541,2017,10.1642/AUK-17-26.1,,,,,,
185,MA402,Intraspecific,competition-cooperation,NL,Variance-sensitive green woodhoopoes: A new explanation for sex differences in foraging?,"Wright, J. and Radford, A.N.",Ethology,116,10,941-950,2010,10.1111/j.1439-0310.2010.01811.x,,,,,,
28,MA62,Modelling,n/a,NM,COMPETITION VERSUS COOPERATION - SUCCESS OF INDIVIDUALS FORAGING ALONE AND IN GROUPS,"RANTA, E and RITA, H and LINDSTROM, K",AMERICAN NATURALIST,142,1,42-58,1993,10.1086/285528,,,,,,
30,MA67,Modelling,n/a,NM,Complex network representation of multiagent systems with cooperative and competitive interactions,"Caram, L.F. and Caiafa, C.F. and Proto, A.N.","AAPP Atti della Accademia Peloritana dei Pericolanti, Classe di Scienze Fisiche, Matematiche e Naturali",92,NA,NA,2014,10.1478/AAPP.92S1B2,,,,,,
36,MA77,Modelling,n/a,NM,Cooperation and conflict in the evolution of individuality .1. Multilevel selection of the organism,"Michod, RE",AMERICAN NATURALIST,149,4,607-645,1997,10.1086/286012,,,,,,
41,MA83,Modelling,n/a,NM,"Crossing scales, crossing disciplines: Collective motion and collective action in the Global Commons","Levin, S.",Philosophical Transactions of the Royal Society B: Biological Sciences,365,1537,13-18,2010,10.1098/rstb.2009.0197,,,,,,
57,MA118,Modelling,n/a,NM,Emergence of ratio-dependent and predator-dependent functional responses for pollination mutualism and seed parasitism,"DeAngelis, DL and Holland, JN",ECOLOGICAL MODELLING,191,03-Apr,551-556,2006,10.1016/j.ecolmodel.2005.06.005,,,,,,
60,MA124,Modelling,n/a,NM,Evolution of culture-dependent discriminate sociality: A gene-culture coevolutionary model,"Ihara, Y.",Philosophical Transactions of the Royal Society B: Biological Sciences,366,1566,889-900,2011,10.1098/rstb.2010.0247,,,,,,
115,MA258,Modelling,n/a,NM,Nomadic-colonial life strategies enable paradoxical survival and growth despite habitat destruction,"Tan, Zong Xuan and Cheong, Kang Hao",ELIFE,6,NA,NA,2017,10.7554/eLife.21673,,,,,,
133,MA294,Modelling,n/a,NM,Private benefits and metabolic conflicts shape the emergence of microbial interdependencies,"Estrela, S. and Morris, J.J. and Kerr, B.",Environmental Microbiology,18,5,1415-1427,2016,10.1111/1462-2920.13028,,,,,,
151,MA340,Modelling,n/a,NM,"Solitary obsession or mnage  trois, but cooperative breeding is never a two-party game","Cockburn, A.",Behavioural Processes,76,2,106-108,2007,10.1016/j.beproc.2006.12.014,,,,,,
165,MA370,Modelling,n/a,NM,The effect of keystone individuals on collective outcomes can be mediated through interactions or behavioral persistence,"Pinter-Wollman, N. and Keiser, C.N. and Wollman, R. and Pruitt, J.N.",American Naturalist,188,2,240-252,2016,10.1086/687235,,,,,,
178,MA390,Modelling,n/a,NM,The varying relationship between helping and individual quality,"Barclay, Pat and Reeve, H. Kern",BEHAVIORAL ECOLOGY,23,4,693-698,2012,10.1093/beheco/ars039,,,,,,
190,MA408,Modelling,n/a,NM,When cooperation begets cooperation: The role of key individuals in galvanizing support,"McAuliffe, K. and Wrangham, R. and Glowacki, L. and Russell, A.F.",Philosophical Transactions of the Royal Society B: Biological Sciences,370,1683,NA,2015,10.1098/rstb.2015.0012,,,,,,
25,MA52,Modelling,n/a,PT,Collective action problem in heterogeneous groups,"Gavrilets, S.",Philosophical Transactions of the Royal Society B: Biological Sciences,370,1683,NA,2015,10.1098/rstb.2015.0016,,,,,,
37,MA78,Modelling,n/a,PT,Cooperation and conflict in the evolution of multicellularity,"Michod, RE and Roze, D",HEREDITY,86,1,01-Jul,2001,10.1046/j.1365-2540.2001.00808.x,,,,,,
39,MA80,Modelling,n/a,PT,Cooperation promotes the evolution of separate sexes from hermaphrodites with unitary growth,"Xu, Ying and Yang, Jiang-Nan",JOURNAL OF THEORETICAL BIOLOGY,341,NA,102-110,2014,10.1016/j.jtbi.2013.09.033,,,,,,
43,MA86,Modelling,n/a,PT,Deciphering the Interdependence between Ecological and Evolutionary Networks,"Melian, Carlos J. and Matthews, Blake and de Andreazzi, Cecilia S. and Rodriguez, Jorge P. and Harmon, Luke J. and Fortuna, Miguel A.",TRENDS IN ECOLOGY \& EVOLUTION,33,7,504-512,2018,10.1016/j.tree.2018.04.009,,,,,,
52,MA109,Modelling,n/a,PT,Dynamics of populations with individual variation in dispersal on bounded domains,"Cantrell, Robert Stephen and Cosner, Chris and Yu, Xiao",JOURNAL OF BIOLOGICAL DYNAMICS,12,1,288-317,2018,10.1080/17513758.2018.1445305,,,,,,
83,MA183,Modelling,n/a,PT,Host-parasite dynamics lead to mixed cooperative games,"Stopka, Pavel and Johnson, Dominic D. P.",FOLIA ZOOLOGICA,61,03-Apr,233-238,2012,NA,,,,,,
91,MA201,Modelling,n/a,PT,Individual variation behind the evolution of cooperation,"Barta, Zoltan",PHILOSOPHICAL TRANSACTIONS OF THE ROYAL SOCIETY B-BIOLOGICAL SCIENCES,371,1687,NA,2016,10.1098/rstb.2015.0087,,,,,,
112,MA245,Modelling,n/a,PT,Modelling the co-evolution of indirect genetic effects and inherited variability,"Marjanovic, Jovana and Mulder, Han A. and Ronnegard, Lars and Bijma, Piter",HEREDITY,121,6,631-647,2018,10.1038/s41437-018-0068-z,,,,,,
148,MA337,Modelling,n/a,PT,Social network theory: new insights and issues for behavioral ecologists,"Sih, Andrew and Hanser, Sean F. and McHugh, Katherine A.",BEHAVIORAL ECOLOGY AND SOCIOBIOLOGY,63,7,975-988,2009,10.1007/s00265-009-0725-6,,,,,,
149,MA338,Modelling,n/a,PT,Socially mediated speciation,"Hochberg, ME and Sinervo, B and Brown, SP",EVOLUTION,57,1,154-158,2003,10.1554/0014-3820(2003)057{[}0154:SMS]2.0.CO;2,,,,,,
160,MA360,Modelling,n/a,PT,Synthesizing perspectives on the evolution of cooperation within and between species,"Barker, J.L. and Bronstein, J.L. and Friesen, M.L. and Jones, E.I. and Reeve, H.K. and Zink, A.G. and Frederickson, M.E.",Evolution,71,4,814-825,2017,10.1111/evo.13174,,,,,,
170,MA376,Modelling,n/a,PT,The forager's dilemma: Food sharing and food defense as risk-sensitive foraging options,"Dubois, F and Giraldeau, LA",AMERICAN NATURALIST,162,6,768-779,2003,10.1086/379202,,,,,,
183,MA399,Modelling,n/a,PT,Under high stakes and uncertainty the rich should lend the poor a helping hand,"Abou Chakra, Maria and Traulsen, Arne",JOURNAL OF THEORETICAL BIOLOGY,341,NA,123-130,2014,10.1016/j.jtbi.2013.10.004,,,,,,
5,MA9,Interspecific,host-symbiont,RR,Adaptations to endosymbiosis in a Cnidarian-Dinoflagellate association: Differential gene expression and specific gene duplications,"Ganot, P. and Moya, A. and Magnone, V. and Allemand, D. and Furla, P. and Sabourault, C.",PLoS Genetics,7,7,NA,2011,10.1371/journal.pgen.1002187,,,,,,
6,MA10,Interspecific,host-symbiont,RR,Adaptive divergence in a defense symbiosis driven from the top down,"Heath, J.J. and Abbot, P. and Stireman, J.O., III",American Naturalist,192,1,E21-E36,2018,10.1086/697446,,,,,,
31,MA70,Interspecific,host-symbiont,RR,Conditional mutualism between allodynerus delphinalis (Hymenoptera: Vespidae) and ensliniella parasitica (Astigmata: Winterschmidtiidae) may determine maximum parasitic mite Infestation,"Okabe, K. and Makino, S.",Environmental Entomology,39,2,424-429,2010,10.1603/EN09208,,,,,,
47,MA101,Interspecific,host-symbiont,RR,DOES HOST-PLANT QUALITY MEDIATE APHID-ANT MUTUALISM,"BRETON, LM and ADDICOTT, JF",OIKOS,63,2,253-259,1992,10.2307/3545385,,,,,,
84,MA184,Interspecific,host-symbiont,RR,Host-pathogen interaction as a special case of interrelations between organisms,"Linskens, H.F.",Netherlands Journal of Plant Pathology,74,1 Supplement,01-Aug,1968,10.1007/BF01977507,,,,,,
92,MA202,Interspecific,plant-animal,RR,Individual variation in resource use by opossums leading to nested fruit consumption,"Cantor, Mauricio and Pires, Mathias Mistretta and Longo, Guilherme Ortigara and Guimaraes, Jr., Paulo Roberto and Freire Setz, Eleonore Zulnara",OIKOS,122,7,1085-1093,2013,10.1111/j.1600-0706.2012.00070.x,,,,,,
96,MA208,Interspecific,predator-prey,RR,Inspection behaviour and inter-individual cooperation in juvenile qingbo: the effects of prior predator exposure and food deprivation,"Tang, Zhong-Hua and Wu, Qingyi and Fu, Shi-Jian",JOURNAL OF ETHOLOGY,36,2,181-190,2018,10.1007/s10164-018-0550-3,,,,,,
97,MA209,Interspecific,host-symbiont,RR,Inter individual variations of the fish skin microbiota: Host genetics basis of mutualism?,"Boutin, S. and Sauvage, C. and Bernatchez, L. and Audet, C. and Derome, N.",PLoS ONE,9,7,NA,2014,10.1371/journal.pone.0102649,,,,,,
117,MA264,Interspecific,host-symbiont,RR,Ontogenetic shifts in a freshwater cleaning symbiosis: consequences for hosts and their symbionts,"Thomas, Michael J. and Creed, Robert P. and Skelton, James and Brown, Bryan L.",ECOLOGY,97,6,1507-1517,2016,10.1890/15-1443.1,,,,,,
118,MA265,Interspecific,host-symbiont,RR,"Origins, Evolution, and Breakdown of Bacterial Symbiosis","Sachs, J.L.",Encyclopedia of Biodiversity: Second Edition,NA,NA,637-644,2013,10.1016/B978-0-12-384719-5.00382-8,,,,,,
127,MA282,Interspecific,host-symbiont,RR,Plant geographic phenotypic variation drives diversification in its associated community of a phytophagous insect and its parasitoids,"Yu, Hui and Liang, Dan and Tian, Enwei and Zheng, Linna and Kjellberg, Finn",BMC EVOLUTIONARY BIOLOGY,18,NA,NA,2018,10.1186/s12862-018-1239-5,,,,,,
138,MA310,Interspecific,host-symbiont,RR,Rethinking Mutualism Stability: Cheaters and the Evolution of Sanctions,"Frederickson, Megan E.",QUARTERLY REVIEW OF BIOLOGY,88,4,269-295,2013,10.1086/673757,,,,,,
173,MA381,Interspecific,host-symbiont,RR,The nature and taxonomic composition of coral symbiomes as drivers of performance limits in scleractinian corals,"Gates, Ruth D. and Ainsworth, Tracy D.",JOURNAL OF EXPERIMENTAL MARINE BIOLOGY AND ECOLOGY,408,"1-2, SI",94-101,2011,10.1016/j.jembe.2011.07.029,,,,,,
3,MA5,Intraspecific,competition-cooperation,UE,A Hypervariable Invertebrate Allodeterminant,"Nicotra, M.L. and Powell, A.E. and Rosengarten, R.D. and Moreno, M. and Grimwood, J. and Lakkis, F.G. and Dellaporta, S.L. and Buss, L.W.",Current Biology,19,7,583-589,2009,10.1016/j.cub.2009.02.040,,,,,,
4,MA8,Intraspecific,competition-cooperation,UE,Adaptations for social cognition in the primate brain,"Platt, M.L. and Seyfarth, R.M. and Cheney, D.L.",Philosophical Transactions of the Royal Society B: Biological Sciences,371,1687,NA,2016,10.1098/rstb.2015.0096,,,,,,
15,MA33,Intraspecific,competition-cooperation,UE,Benefiting friends or dominants: prosocial choices mainly depend on rank position in long-tailed macaques (Macaca fascicularis),"Massen, Jorg J. M. and Luyten, Inge J. A. F. and Spruijt, Berry M. and Sterck, Elisabeth H. M.",PRIMATES,52,3,237-247,2011,10.1007/s10329-011-0244-8,,,,,,
17,MA35,Intraspecific,competition-cooperation,UE,"Between-group competition, intra-group cooperation and relative performance","Cardenas, Juan C. and Mantilla, Cesar",FRONTIERS IN BEHAVIORAL NEUROSCIENCE,9,NA,NA,2015,10.3389/fnbeh.2015.00033,,,,,,
56,MA117,Intraspecific,competition-cooperation,UE,"Elephants, donuts and hamburgers: Young children co-operating to co-operate and co-operating to compete in two primary schools","Maras, P. and Lewis, A. and Simonds, L.",International Journal of Phytoremediation,19,3,245-258,1999,10.1080/0144341990190301,,,,,,
87,MA197,Intraspecific,competition-cooperation,UE,Individual and genetic task specialization in policing behaviour in the European honeybee,"Ernst, U.R. and Cardoen, D. and Cornette, V. and Ratnieks, F.L.W. and de Graaf, D.C. and Schoofs, L. and Verleyen, P. and Wenseleers, T.",Animal Behaviour,128,NA,95-102,2017,10.1016/j.anbehav.2017.04.005,,,,,,
108,MA231,Intraspecific,competition-cooperation,UE,Lethal male-male combat in the parasitoid Melittobia acasta: are size and competitive environment important?,"Reece, Sarah E. and Innocent, Tabitha M. and West, Stuart A.",ANIMAL BEHAVIOUR,74,5,1163-1169,2007,10.1016/j.anbehav.2006.10.027,,,,,,
113,MA246,Intraspecific,competition-cooperation,UE,Models of density-dependent genic selection and a new rock-paper-scissors social system,"Sinervo, Barry and Heulin, Benoit and Surget-Groba, Yann and Clobert, Jean and Miles, Donald B. and Corl, Ammon and Chaine, Alexis and Davis, Alison",AMERICAN NATURALIST,170,5,663-680,2007,10.1086/522092,,,,,,
116,MA263,Intraspecific,competition-cooperation,UE,On the reorganization of fitness during evolutionary transitions in individuality,"Michod, RE and Nedelcu, AM",INTEGRATIVE AND COMPARATIVE BIOLOGY,43,1,64-73,2003,10.1093/icb/43.1.64,,,,,,
152,MA343,Intraspecific,competition-cooperation,UE,Spare to share? How does interindividual variation in metabolic rate influence food sharing in the honeybee?,"Reade, Abbie J. and Dillon, Michael and Naug, Dhruba",JOURNAL OF INSECT PHYSIOLOGY,112,NA,35-38,2019,10.1016/j.jinsphys.2018.11.006,,,,,,
187,MA404,Intraspecific,competition-cooperation,UE,Variation in growth of Damaraland mole-rats is explained by competition rather than by functional specialization for different tasks,"Zottl, M. and Thorley, J. and Gaynor, D. and Bennett, N.C. and Clutton-Brock, T.",Biology Letters,12,12,NA,2016,10.1098/rsbl.2016.0820,,,,,,
188,MA405,Intraspecific,competition-cooperation,UE,Variation in individual investment strategies among social animals,"Komdeur, J.",Ethology,112,8,729-747,2006,10.1111/j.1439-0310.2006.01243.x,,,,,,
