abstract.id,sort.id,FulltextReviewer.initial,title,author,short_citation,StudyType,StudyType_Processed,TaskforceAllocation,Scale,What.is.the.scale.of.the.shift,Scale_Processed,FulltextTopicIdentifier,InteractionType,InteractionType_Processed,journal,volume,number,pages,year,doi,Timestamp,FulltextReviewer,SpeciesInteracting,Species_Processed,TraitDescription,SpeciesTraitVariation,GeneticNotes,Trait_Processed,Is.there.a.shift.in.the.interaction,What.is.the.direction.of.shift,What.factors.are.driving.that.shift,What.is.the.ecological.impact.of.the.interaction.and.shift.of.that.interaction,Shift_Processed,Is.there.a.connection.to.the.NC3,Reviewer.notes,Reviewer.outstanding.concerns,ReviewerDecision,ReviewerDecisionReason,ReviewerDecision.checked.by,FinalDecision,FinalDecisionReason,FinalDecisionNotes,used in main text?,WOS,SCO
MA77,1,NM,Cooperation and Conflict in the Evolution of Individuality. I. Multilevel Selection of the Organism,"Michod, RE","(Michod, 1997)",Modelling/theory,Modelling/theory,Modelling,"Between cells (suggests results are applicable across scales, 'from solitary organisms to societies')",Within-Individual,Inter- and Intraspecific,n/a,Competition-cooperation,Competition-cooperation,AMERICAN NATURALIST,149,4,607-645,1997,10.1086/286012,1/22/2020 2:04:51,NM,NA (designed based on single cell interactions),NA,"NA (no separate individual, so no trait variation)",NA,implies that cells have a heritable level of among-cell cooperation,NA,Not between organisms (only by analogy),Antagonistic to mutualistic,,,"Cooperation and the regulation of conflict between single-cells in the evolution for multicellularity, where direct and indirect fitness benefits of cooperation are balanced against the interests of an individual unit of selection.",,,,No,"There is no evidence of trait variation, No trait variation between individuals (variation is within-individual)",MW,Include,,"Conflicting decision made [NM: We have included some other similar papers from Michod and others (MA43, MA73, MA263), although I initially excluded this one because the focus is on cellular conflict within an oraganism. It says that the findings are transferable across scales, so guess it could be included, but is a bit more of a stretch than the others. MW: If we are not excluding papers on transitions from unicellularity to multicellularity in principle, I would include this one. Before the cells really become an organism, variation between them is variation between individuals.]",Modelling,y,y
non-systematic,2,NA,The genetical evolution of social behaviour. I,"Hamilton, W. D. ","(Hamilton, 1964)",NA,Modelling/theory,NA,NA,NA,Intraspecific,,,Competition-cooperation,Journal of Theoretical Biology,7,,1–16,1964,10.1016/0022-5193(64)90038-4,NA,NA,NA,NA,NA,NA,NA,NA,NA,NA,NA,NA,"Inclusive fitness/kin selection theory, including 'Hamilton’s rule' showing that it is best to help another individual (i.e., cooperate) if rb > c, where r is relatedness, b is the benefit to the other individual and c is the cost to oneself.",NA,NA,NA,NA,NA,NA,Include,,Non-systematically sources article,Modelling,,y
MA217,3,KJB,Intra-group relatedness affects parental and helper investment rules in offspring care,"Savage, J.L. and Russell, A.F. and Johnstone, R.A.","(Savage et al., 2013)",Modelling/theory,Modelling/theory,Modelling,Intra-specific (within population),Individuals,Intraspecific,n/a,Cooperative breeding,Male-female; Competition-cooperation,Behavioral Ecology and Sociobiology,67,11,1855-1865,2013,10.1007/s00265-013-1595-5,2/27/2020 2:21:23,KJB,NA,NA,Investment in offspring rearing,NA,No (but relatedness between individuals is considered as a factor affecting optimal investment),NA,"Somewhat, it shows different degrees of helper investment in offspring rearing.",Depends on what direction relatedness moves,social,Total number of offspring produced,"Reproductive investment and helping in cooperatively breeding groups, where the degree of relatedness in a group determines how much group members are willing to contribute to offspring-rearing.","Somewhat, dominant and helpers fulfill different roles in the group. Also, individuals are expected to invest more or less depending on their relatedness (and the variation in relatedness in the group)",No,No,Maybe,There is no evidence of trait variation,NM,Include,,"Considering the degree of relatedness as the level of genetic (and phenotypic) variation within a group, in the context of cooperation-conflict in group breeding context",Modelling,y,y
MA204,4,KJB,Inducible defence and the social evolution of herd immunity,"Frank, SA","(Frank, 1998)",Modelling/theory,Modelling/theory,Modelling,Intra-specific (within population),"Individuals, Populations",Intraspecific,n/a,Competition-cooperation,Competition-cooperation,PROCEEDINGS OF THE ROYAL SOCIETY B-BIOLOGICAL SCIENCES,265,1408,1911-1913,1998,10.1098/rspb.1998.0519,43923.08721,KJB,NA,NA,Relatedness,Focal species,"No, but relatedness is a parameter in the model.",NA,"Yes, but it's a shift between populations w.r.t. their parameter values, not within one population over time",Antagonistic to mutualistic,"Relatedness. Furthermore, in a final model, variable resources lead to more individual  variation in defence allocation",NA,"Investment in inducible defence traits in groups, where higher relatedness between individuals increases the chance that individuals induce such defences.","Especially in the variable resource set up there are differences in vigour, leading to differential inversment in induction.",The model is very similar to Frank (1996) [MA286].,"The connection to our review is hard to see, but does seem to be present (requires interpretation though).",Yes,,NM,Include,,Agree with reviewer decision,Modelling,y,y
MA127,5,MW,Evolution Of Helping And Harming In Heterogeneous Groups,"Rodrigues, A.M.M. and Gardner, A.","(Rodrigues and Gardner, 2013)",Modelling/theory,Modelling/theory,Modelling,"Intra-specific (within population), Intra-specific (between populations)","Individuals, Populations",Intraspecific,n/a,Competition-cooperation,Competition-cooperation,Evolution,67,8,2284-2298,2013,10.1111/evo.12110,43567.13624,MW,"General model, mentions slime moulds and social wasps as potential empirical examples",NA,fecundity,NA,"assumed to be non-genetic, non-heritable",NA,"They show that the amount of variation in fecundity can change the potential for helping and harming behaviors. Interestingly, variation in fecundity can also increase relatedness within local neighbourhoods and thereby promote cooperation.",both directions potentially possible,"spatial structure (degree of local competition, migration rate), whether or not individuals can conditionally help high-quality or low-quality individuals",not discussed,"The evolution of helping or harming traits in groups, where variation in fecundity can alter patterns of relatedness within neighbourhoods, and influence the level of cooperation.","the conditional helping or harming can be interpreted as social niche conformance, they also mention that the mechanisms they describe can reinforce variation in fecundity because the low-quality individuals are selected to give up more of their fecundity to help others",NA,I am not sure I understood everything because the paper was not very clearly written in my opinion.,Yes,,NM,Include,,Agree with reviewer decision,Modelling,,y
MA338,6,PT,Socially mediated speciation,"Hochberg, ME and Sinervo, B and Brown, SP","(Hochberg et al., 2003)",Modelling/theory,Modelling/theory,Modelling,"Intra-specific (within population), Intra-specific (between populations)","Individuals, Populations",Intraspecific,n/a,Competition-cooperation,Competition-cooperation,EVOLUTION,57,1,154-158,2003,10.1554/0014-3820(2003)057{[}0154:SMS]2.0.CO;2,44075.22523,PT,n/a,NA,behavioural phenotype,n/a,No,NA,"Yes, though it's more about the emergence of mutualism than antogonism.",Model; simply depends on values.,Social discrimination (which in turn depends on variability in the population),"Emergence of social grouping (into 'tribes', as the authors put it).","The emergence of social discrimination and reproductive isolation in the process of speciation, where where altristic and selfish behaviour leads to phenotypically similar individuals to forming  distinct groups.",Yes.,,I'd not particularly say it was about antagnism -- but a useful model nonetheless.,Yes,,NM,Include,,"Agree with reviewer decision, spite/selfishness in social interactions sufficient to show interactions are considered along a m-a continuum",Modelling,y,y
MA124,7,NM,Evolution of culture-dependent discriminate sociality: A gene-culture coevolutionary model,"Ihara, Y.","(Ihara, 2011)",Modelling/theory,Modelling/theory,Modelling,Intra-specific (within population),Individuals,Intraspecific,n/a,"Competition-cooperation, Social interactions between conspecifics",Competition-cooperation,Philosophical Transactions of the Royal Society B: Biological Sciences,366,1566,889-900,2011,10.1098/rstb.2010.0247,1/17/2020 0:25:23,NM,NA (based on human cultural traits),human (Homo sapiens),"Cultural traits (they cite such as personal ornaments, languages, rituals, etc. but within the model it is not specified)",NA (but intended to be human),"Not necessarily inherited traits (although the model is about that), can be transmitted vertically and horizontally with conspecifics",NA,"Yes, possession of an arbitrary trait leads to cooperation, not having the trait leads to competition","Mutualistic to antagonistic, Antagonistic to mutualistic",Cultural differences,Resource allocation and segregation within socially interacting networks,"The role of cultural traits in the formation of cooperative groups, where the emergence of cultural traits is considered in a gene-culture coevolutionary model.",Maintenance and evolution of novel individual behavioural traits,Gene-culture co-evolutionary model,"Issue is that it is based on human traits, but the principles should apply generally to species capable of displaying cultural traits.",Maybe,Humans as a study subject (note: this is currently being treated as an exclusion criteria),MW,Include,,"Resolved maybe [NM: This should now be includable because it is a model that may apply to non-human species, MW: Agreed. Sounds very relevant.]",Modelling,y,y
non-systematic,8,NA,Variation in behaviour promotes cooperation in the Prisoner's Dilemma game,"McNamara, J. M., Barta, Z., & Houston, A. I.","(McNamara el at., 2004)",NA,Modelling/theory,NA,NA,NA,Intraspecific,,,Competition-cooperation,Nature,428,6984,745--748,2004,10.1038/nature02432,NA,NA,,NA,NA,NA,NA,NA,NA,NA,NA,NA,"The evolution of cooperation between unrelated individuals, where cooperative interactions may be stabilised by the introduction of behavioural variation (e.g. via mutation).",NA,NA,NA,NA,NA,NA,Include,,Non-systematically sources article,Modelling,y,y
MA201,9,PT,Individual variation behind the evolution of cooperation,"Barta, Zoltan","(Barta, 2016)",Review,"Review, Modelling/theory",Modelling,Intra-specific (within population),"Individuals, Populations",Intraspecific,n/a,"Competition-cooperation, Review of different routes to evolution of cooperation",Male-female; Parent-offspring; Competition-cooperation,PHILOSOPHICAL TRANSACTIONS OF THE ROYAL SOCIETY B-BIOLOGICAL SCIENCES,371,1687,NA,2016,10.1098/rstb.2015.0087,12/13/2019 5:59:19,PT,n/a,NA,"Various: variation in potential to remain in the interaction, variation in state, parental care decisions (alternate vs sequential), uncertainty over partner's state, etc.",The focal species,No.,NA,Not really -- it's about the cooperations spectrum rather than antagonism per se.,"Review mainly of theory, so both ways (but just wrt cooperation)","ecological, abiotic, social, mutational",It's focused on cooperation rather than identifying other (ecological) impacts,"Individual cost-to-benefit analysis in social interactions and parental care interactions, where cooperative food sharing may emerge due to individual variation in resource acquisition.",To some degree,,Mainly just the concern that it's about cooperation; not about antagonism,Maybe,Not about the antagonism part; just about evol of cooperation.,NM,Include,,"Considering it sufficent to be referring to cooperation as evoluing in the context of competition based natural selection, to be considered on the competition-cooperation continuum",Modelling,y,
MA372,10,MW,The evolution of cooperation by negotiation in a noisy world,"Ito, K. and McNamara, J. M. and Yamauchi, A. and Higginson, A. D.","(Ito et al., 2017)",Modelling/theory,Modelling/theory,Modelling,Intra-specific (within population),Populations,Intraspecific,n/a,Competition-cooperation,Competition-cooperation,JOURNAL OF EVOLUTIONARY BIOLOGY,30,3,603-615,2017,10.1111/jeb.13030,43891.00285,MW,NA,NA,investment in an interaction (and/or perception of the investment of the other individual),NA,"Here it is assumed that variation is due to noise, i.e. individuals making errors. The variation is non-heritable.",NA,Not so clear that there is a shift in response to variation or here the distribution of the errors individuals make.,depends,curvature of cost and benefit functions,NA,"The influence of negotiation and information quality on decisions to behave cooperatively, where variation in interactions via noise influences convergence stability but not the emergent strategy.",,They write that variation due to errors is in many ways qualitatively analogous to variation in individual quality.,"""Under most conditions the magnitude of error has no influence on the evolutionary outcome"". More specifially, they show that the singular solution does not depend on the magnitude of error, but the convergence stability might. In any case, this is not an example of a very clear shift caused by variation.",Maybe,There is no shift in the quality of the interaction,NM,Include,,Considered variation in negotiation or level of noise changes the viability of a free-riding (antagonism) versus a cooperative strategy,Modelling,y,
MA62,11,NM,Competition versus cooperation: success of individuals foraging alone and in groups,"RANTA, E and RITA, H and LINDSTROM, K","(Ranta et al., 1993)",Modelling/theory,Modelling/theory,Modelling,Intra-specific (within population),Individuals,Intraspecific,n/a,"Competition-cooperation, Cooperation in group foraging behaviour",Competition-cooperation,AMERICAN NATURALIST,142,1,42-58,1993,10.1086/285528,11/15/2019 14:10:29,NM,NA (based on the behaviour of the three-spined stickleback (Gasterosteus aculeatus)),three-spined stickleback (Gasterosteus aculeatus),Social rank within the group using the probability of an individual's being among the ones sharing the food in a patch found by the group (also termed competitive ability);,"NA (general, modelling)",NA,NA,"Yes, decrease in social status reduced the benefits of cooperation and pushes individual towards more solitary behaviour",Mutualistic to antagonistic,Variation in the individual benefits of group foraging for the individual,"Collective behaviour, within-population foraging dynamics","Decisions of individuals to forage in groups or individually, where cooperative behaviour would be more likely in phenotypically similar groups.",Shows factors the drive behaviour in a group towards greater individualization and niche differentiation.,Information-sharing model,No,Yes,,MW,Include,,Agree with reviewer decision,Modelling,y,y
MA245,12,PT,Modelling the co-evolution of indirect genetic effects and inherited variability,"Marjanovic, Jovana and Mulder, Han A. and Ronnegard, Lars and Bijma, Piter","(Marjanovic et al., 2018)",Modelling/theory,Modelling/theory,Modelling,Intra-specific (within population),"Individuals, Populations",Intraspecific,n/a,Competition-cooperation,Competition-cooperation,HEREDITY,121,6,631-647,2018,10.1038/s41437-018-0068-z,44044.41459,PT,N/A,NA,Variability influences cooperation level (which is an evolving genetic trait),N/A,"Not really, it's all theory (though mentions speices occasionally to keep readers interested).",NA,"Yes.  Though it's sort of interesting as the mutualism (or cooperation) level is set genetically for an individual and responds to surroundings, but will also evolve over time (which is a different type of 'shift' in the interaction over time).",Depends on what's happening with variability,Social (level of variability feeds back to influence success of a type),"The variability in the population (e.g., variation in growth rates) and the level of cooperation within it.","The heritability of variation in cooperativeness or competitive traits subject, where indirect genetic effects may lead to coevolution between ITV and competitiveness and cooperativeness.","Yes, relates to niches.",,"No, I think it's ok to include in the review.",Yes,,NM,Include,,Agree with reviewer decision,Modelling,y,
MA205,13,MW,Information use and resource competition: An integrative framework,"Lee, A.E.G. and Ounsley, J.P. and Coulson, T. and Marcus Rowcliffe, J. and Cowlishaw, G.","(Lee et al., 2016)",Modelling/theory,Modelling/theory,Modelling,Intra-specific (within population),"Individuals, Populations",Intraspecific,n/a,Competition-cooperation,Competition-cooperation,Proceedings of the Royal Society B: Biological Sciences,283,1825,NA,2016,10.1098/rspb.2015.2550,11/29/2019 20:55:47,MW,,NA,competitive dominance,,"Not relevant for this model, since a short time scale is considered.",NA,"Yes, in the sense that there are strong shifts in the frequency of scroungers vs. producers.","Mutualistic to antagonistic, Antagonistic to mutualistic",Anything that would affect the monopolizability of resource patches. Resource scarcity and rate of depletion are also important factors.,"They discuss consequences for population dynamics. If more individuals produce, the total resource discovery in the population increases and populations may grow faster, whereas scrounging may reduce population growth rates.","The use of private and social information in forager-scrounger group dynamics, where variation in competitive ability and resource availability affects the proportion of scroungers. ",Interesting aspect with regard to maintenance of trait variation: variation in competitive ability also influences the maintenance of individual differences in the producer-scrounger behaviour.,"The impact of variation in competitive dominance is determined by the monopolizability parameter c. A change in this parameter can strongly change the proportion of scroungers in the population (see Figs. 1 and 2). For example, strong differences in competitive ability can make scrounging unattractive for most individuals because the most competitive ones would take most of the resources.","While scrounging is antagonistic, producing may not be strictly mutualistic. But I think it is sufficiently neutral/positive to make this an interesting paper to include.",Yes,,NM,Include,,Agree with reviewer decision,Modelling,y,y
MA403,14,MW,Variation and the response to variation as a basis for successful cooperation,"McNamara, J.M. and Leimar, O.","(McNamara and Leimar, 2010)","Modelling/theory, Review",Modelling/theory,Modelling,Intra-specific (within population),Populations,Intraspecific,n/a,Competition-cooperation,Competition-cooperation,Philosophical Transactions of the Royal Society B: Biological Sciences,365,1553,2627-2633,2010,10.1098/rstb.2010.0159,43862.97294,MW,NA,NA,"aspects of personality (e.g. trustworthyness, or more specifically number of rounds before defection in an iterated prisoner's dilemma), but also other needs and abilities of individuals",NA,NA,NA,yes,can be both depending on the direction of parameter change,e.g. mutation rate,NA,"The influence of ITV and cooperativeness traits in the evolution of cooperation, where variation is required for stable cooperation.","Interesting thought that ""variation in one trait maintains the variation in the other, and vice versa""","Relevant insights: 1) If there is a lot of variation (e.g. due to mutation) in the number of rounds before defection in the iterated prisoner's dilemma, it can make sense for individuals to cooperate for longer than the population average and cooperativeness increases in the population. 2) Variation in partner quality can promote the evolution of choosiness, which penalizes less cooperative individuals and thus promotes cooperation. 3) In fighting situations, costly displays can be seen as cooperative because they help resolve the fight and reduce its costs. Such displays can only evolve if there is sufficient variation in strength among individuals.",NA,Yes,,NM,Include,,Agree with reviewer decision,Modelling,y,y
MA373,15,MW,The evolution of cooperative turn-taking in animal conflict,"Franz, M. and Van Der Post, D. and Schlke, O. and Ostner, J.","(Franz et al., 2011)",Modelling/theory,Modelling/theory,Modelling,Intra-specific (within population),Populations,Intraspecific,n/a,Competition-cooperation,Competition-cooperation,BMC Evolutionary Biology,11,1,NA,2011,10.1186/1471-2148-11-323,43891.01807,MW,NA,NA,"strength, i.e. fighting ability",NA,assumed non-heritable,NA,"There should be a shift with changing magnitude of variation in strength, although they don't explore this explicitly (see comment below).",depends,"value of the resource that the fight is about, group size",NA,"Decisions to share resources (turn-taking) or engage in conflict (fights), where a turn-taking strategy became more stable if individuals are less able to identify the stronger individual.",NA,"Over a range of parameter values, there are alternative stable states (turn-taking and contest competition). Shifts here could also be caused by stochastic processes and initial conditions.","Individual strength is drawn from a uniform distribution between 0 and 1. They do not explore different levels of variation. Therefore we can only indirectly infer the consequences of variation. Since they find that ""a decreasing ability to identify the stronger individual favours the evolutionary stability of the turn-taking strategy"", increasing variation in strength should hinder the evolution of turn-taking.",Yes,,NM,Include,,Agree with reviewer decision,Modelling,y,y
MA376,16,PT,The forager's dilemma: Food sharing and food defense as risk-sensitive foraging options,"Dubois, F and Giraldeau, LA","(Dubois and Giraldeau, 2003)",Modelling/theory,Modelling/theory,Modelling,Intra-specific (within population),Individuals,Intraspecific,n/a,Competition-cooperation,Competition-cooperation,AMERICAN NATURALIST,162,6,768-779,2003,10.1086/379202,44105.13896,PT,n/a,NA,Foraging efficiency (p),All individuals,"No (and, somewhat weirdly, foraging efficiency seems to be assigned randomly!)",NA,Yes (though that depends on regarding the hawk-dove game as being between antagonists and mutualists).,"It's a model, so just depends on the values","Resource availability (and variability), level of competition. ",Just whether they compete for a found resource or not.,"Decisions to share resources in foraging groups, where food supplies and individual food finding ability influence levels of cooperation",Not a strong one; it's tenuous at best.,,"It's not clear to me that the trait (p) values really play a crucial role; they could vary betwene 0.49 and 0.51 and still get almost the same results, so far as I understand it; so arguably much more driven by external factors than the variability of traits.. (Also, I need to understand how p gets set -- seems random but the authors mention age & experience, which I don't understand yet.)",Yes,,NM,Include,,Agree with reviewer decision,Modelling,y,
MA286,17,KJB,Policing and group cohesion when resources vary,"Frank, SA","(Frank, 1996)",Modelling/theory,Modelling/theory,Modelling,Intra-specific (within population),Individuals,Intraspecific,n/a,Competition-cooperation,Competition-cooperation,ANIMAL BEHAVIOUR,52,6,1163-1169,1996,10.1006/anbe.1996.0263,43923.03294,KJB,NA,NA,Degree of policing,NA,"No, but relatedness between individuals is taken as a covariate to explain the observed patterns.",NA,"Yes. (Particularly for group that have low relatedness, policing leads to less competition)",Antagonistic to mutualistic,"Trade-off between group productivity and the cost of policing, mediated by kinselection (relatedness)",NA,"The degree of policing in the maintenance of cooperative interactions, where the level of relatedness determines whether voluntary cooperation or policing emerges.","Yes, particularly in the case with fluctuating resources, different individuals are expected to have different strategies.",,"The paper uses different terminology, so it was hard to determine whether these processes are really relevant.",Yes,,NM,Include,,Agree with reviewer decision,Modelling,y,y
non-systematic,18,NA,Social rank modulates how environmental quality influences cooperation and conflict within animal societies.,"Liu, M., Chen, B. F., Rubenstein, D. R., & Shen, S. F.","(Liu et al., 2020)",NA,Experimental; Modelling/theory,NA,NA,NA,Intraspecific,,,Competition-cooperation,Proceedings of the Royal Society B,287,1935,20201720,2020,10.1098/rspb.2020.1720,NA,NA,,burying beetle (Nicrophorus nepalensis),NA,NA,NA,Social dominance; behavioural phenotype (participation in cooperative carcass preparation),NA,NA,NA,NA,"Cooperation in social groups, where social status individuals participated more in helping behaviours generally, and subordinate males increased cooperative behaviour under certain environmental conditions.",NA,NA,NA,NA,NA,NA,Include,,Non-systematically sources article,Modelling,,
non-systematic,19,NA,"Positive feedback and alternative stable states in inbreeding, cooperation, sex roles and other evolutionary processes. Philosophical Transactions of the Royal Society B: Biological Sciences, 367(1586), 211-221.","Lehtonen, J., & Kokko, H.","(Lehtonen and Kokko, 2012)",NA,Modelling/theory,NA,NA,NA,Intraspecific,,,Male-female,Philosophical Transactions of the Royal Society B: Biological Sciences,367,1586,211-221,2012,10.1098/rstb.2011.0177,NA,NA,NA,NA,NA,NA,NA,NA,NA,NA,NA,NA,"Participation in parental care, where variation in male quality influences whether males are willing to invest in raising individual broods.",NA,NA,NA,NA,NA,NA,Include,,Non-systematically sources article,Modelling,y,y
MA200,21,CF,Individual variation and the resolution of conflict over parental care in penduline tits,"van Dijk, R.E. and Szkely, T. and Komdeur, J. and Pogny, A. and Fawcett, T.W. and Weissing, F.J.","(van Dijk et al., 2012)","Observational, combined with mathematical modelling of the data",Observational; Modelling/theory,Intraspecific,Intra-specific (within population),Individuals,Intraspecific,male-female,Male-female,Male-female,Proceedings of the Royal Society B: Biological Sciences,279,1735,1927-1936,2012,10.1098/rspb.2011.2297,3/26/2020 22:03:46,CF,"Penduline tit, Remiz pendulinus",Eurasian penduline tit (Remiz pendulinus),"behaviour, condition, attractiveness",R. pendulinus,No,"Behavioural phenotype (level of parental care, desertion), physiological condition and attractiveness",kind of,can take on both directions,"mostly social, but also ecological",none as far as I can tell,"Participation in parental care, where male attractiveness and condition influence the likelihood of male or female abandonment",Yes it seems,this is about parental care and the individuals decision to desert or care for a clutch of eggs,NA,Yes,,NM,Include,,Agree with reviewer decision,Male-fem,y,y
MA246,20,UE,Models of density-dependent genic selection and a new rock-paper-scissors social system,"Sinervo, Barry and Heulin, Benoit and Surget-Groba, Yann and Clobert, Jean and Miles, Donald B. and Corl, Ammon and Chaine, Alexis and Davis, Alison","(Sinervo et al., 2007)","Observational, Experimental, Modelling/theory, Review",Observational; Experimental; Modelling/theory,Intraspecific,Intra-specific (within population),Individuals,Intraspecific,competition-cooperation,"Male-female, Competition-cooperation",Male-female; Competition-cooperation,AMERICAN NATURALIST,170,5,663-680,2007,10.1086/522092,44014.32902,UE,"Lacerta vivipara, and genus Uta",Viviparous lizard (Lacerta vivipara); Side-blotched lizards (genus Uta),"3 alleles (o,y, b)","Lacerta vivipara, and genus Uta","yes, three alleles, single locus, but also three recognition genes which are physically not linked (""coupled by correlational selection into a social supergene"")","Morphological, physiological, behavioural morphs of male L. vivipara, linked by composition of genetic alleles","yes, the different alleles are coupled to different behaviours, one is cooperative, the others are not","cyclic (rock, paper, scissors)",negative frequency depenent selection,ever changing frequencies of a particular morph (but stable cycles),"The co-existence of genetic morphs that differ in cooperative-competitive interactions, where density dependent selection promotes the coexistence of distinct phenotypes.","yes, different genes and different behavioural (social) niches",,it is cyclic- very cool,Yes,,NM,Include,,Agree with reviewer decision,Coop-comp,y,y
MA284,22,KJB,Plant-animal mutualism in biological markets: Evolutionary and ecological dynamics driven by non-heritable phenotypic variance,"Song, Zhiyuan and Feldman, Marcus W.","(Song and Feldman, 2013)",Modelling/theory,Modelling/theory,Modelling,Inter-specific (2 species),Species,Interspecific,n/a,Mutualism (e.g. plant-pollinator),Consumer-resource/plant-animal,THEORETICAL POPULATION BIOLOGY,88,NA,20-30,2013,10.1016/j.tpb.2013.06.002,2/15/2020 6:34:15,KJB,NA,NA,animal choosiness and plant reward offer,Mainly plant reward offer (this is the trait variation that drives the effect),"Focus is on non-heritable variation (this is driving the shift, although there are also genotypic components to the trait value)",NA,Yes,Antagonistic to mutualistic,"Biological. Trait variation in reward system in plants, requires animals to be more choosy w.r.t. the plant the visit, which then leads to the plants evolving higher rewards (more mutualistic)",Population sizes of the species are also affected by the trait variation.,"Coevolution of variation in plant reward systems and animal choosiness in plant-animal mutualisms, where choosiness is increases levels of mutualism.","Somewhat, although separate niches do not develop.","Reminds me a bit of the Foster & Kokko (2006) paper, similar mechanisms are being described",No,Yes,,NM,Include,,Agree with reviewer decision,Modelling,y,y
non-systematic,23,NA,Cheating can stabilize cooperation in mutualisms,"Foster, K. R. and Kokko, H.","(Foster and Kokko, 2006)",NA,Modelling/theory,NA,NA,NA,Interspecific,,,Host-symbiont; Consumer-resource/plant-animal,Proceedings of the Royal Society of London. Series B: Biological Sciences,273,1598,2233-2239,2006,10.1098/rspb.2006.3571,NA,NA,,NA,NA,NA,NA,NA,NA,NA,NA,NA,"The role of individual variation in mutualisms, where the ongoing introduction of variation and rare antagnoistic individuals is required to maintain mutualisms.",NA,NA,NA,NA,NA,NA,Include,,Non-systematically sources article,Modelling,y,y
MA252,24,KJB,"Mutualism, market effects and partner control","Johnstone, R. A. and Bshary, R.","(Johnstone & Bshary, 2008)",Modelling/theory,Modelling/theory,Modelling,Inter-specific (2 species),Populations,Interspecific,n/a,mutualism-exploitation,Host-symbiont,JOURNAL OF EVOLUTIONARY BIOLOGY,21,3,879-888,2008,10.1111/j.1420-9101.2008.01505.x,2/15/2020 9:06:36,KJB,focuses on cleaner and client systems,NA (based on cleaner-client fish),time until client terminates interaction and degree of cooperation by the cleaner,No real variation is explored,No,NA,"Yes, but it depends on the relative frequency of cleaners vs. clients, not on variation in their trait values",Less (abundance) of cleaners leads to greater exploitation and longer times until interactions are terminated,Risk of not finding a new cleaner again vs. the risk of being exploited by the current cleaner.,NA,"In mutualisms with cheater/exploiter phenotypes, where the relative abundance of antagnoistic individuals influenced the level of partner control",Not clearly.,"No variation within a population, comparisons are more across different hypothetical populations that are characterized by different densities.","No variation within a population, comparisons are more across different hypothetical populations that are characterized by different densities.",No,There is no evidence of trait variation,MW/NM,Include,,"Conflicting decision made [NM: I think it should be included, as it considers variation  between exploiters and victims of exploitation, in the context of mutualism, cooperation stability. MW: Ok to include if there really is some variation.[",Modelling,y,
MA78,25,PT,Cooperation and conflict in the evolution of multicellularity,"Michod, RE and Roze, D","(Michod and Roze, 2001)",Modelling/theory,Modelling/theory,Modelling,"Intra-specific (within population), Intra-specific (between populations)","Individuals, Populations",Inter- and Intraspecific,n/a,"Competition-cooperation, Multi-cellular vs single-cell",Competition-cooperation,HEREDITY,86,1,44013,2001,10.1046/j.1365-2540.2001.00808.x,43720.45385,PT,n/a,NA,"mutation rate, group size (N), propagule size",There's only really one species,No,NA,"Yes, sort of.  It's mainly about whether to be a single cell or have multi-cellularity though, so the antagonism is not refered to as such (but in a way could appear in the form of the PD game).",Antagonistic to mutualistic,Mainly mutation rate,Going to a multicellur organism (with group benefits that outweigh the benefit of operating alone).,"Cooperation and the regulation of conflict between single-cells in the evolution for multicellularity, where control mechanisms appear to stabilise cooperation.",Not really -- unless you regard multicellularity as a type of social niche!,,n/a,Yes,,NM,Include,,Agree with reviewer decision,Modelling,y,
MA43,26,BC,Cheats as first propagules: A new hypothesis for the evolution of individuality during the transition from single cells to multicellularity,"Rainey, Paul B. and Kerr, Benjamin","(Rainey and Kerr, 2010)",Hypothesis - opinion paper,Modelling/theory,Intraspecific,Intra-specific (within population),clones? as we are talking about bacteria,Intraspecific,competition-cooperation,transition from single cells to multicellularity,Competition-cooperation,BIOESSAYS,32,10,872-880,2010,10.1002/bies.201000039,43750.77965,BC,Pseudomonas,Pseudomonas spp. (Gammaproteobacteria),"collective Behaviour , i.e. producing adhesive glue to form a mat",Pseudomonas,no,NA,no,"some cells are cheaters, some produce the adhesive glue to form a mat",not known,"mobility , i.e. once a mat (imobile form of Pseudomoas cells) is formed the cheaters have the chance to ""leave"" ","Cooperative and cheating interactions between single-cells in the evolution for multicellularity, where cheater phenotypes facilitate collective reproduction and partner control mechanisms.","not sure, i tend to say no",,"This paper uses two published papers, which in case they are relevant should pop up themselves in our literature search. The individual cells do not shift in their interaction type. ",Maybe,"There is no shift in the quality of the interaction, if we assume a mutation as a shift than it might be suitable",NM,Include,,"Following reviewer reasoning, the mutuations are variability in genotypes that are associated with differing phenotypes and collective behaviour, interaction that varies is the level of cooperation or compeitiion between individual cells",Modelling,y,
MA334,27,MW,Social heterosis and the maintenance of genetic diversity,"Nonacs, P. and Kapheim, K.M.","(Nonacs and Kapheim, 2007)",Modelling/theory,Modelling/theory,Modelling,"Intra-specific (within population), Intra-specific (between populations)",Group/patch within a randomly mating population,Intraspecific,n/a,Competition-cooperation,Competition-cooperation,Journal of Evolutionary Biology,20,6,2253-2265,2007,10.1111/j.1420-9101.2007.01418.x,11/29/2019 22:24:12,MW,,NA,"Model is not specific, but they mention several examples, e.g. skills, trophic polymorphisms, parasite resistance",,"assume fully heritable trait, single locus with two or more alleles",NA,"It is assumed that individuals in mixed groups (with 2 or more alleles) have increased fitness. Therefore, these mutualistic interactions are only present with intraspecific variation. Without it, there is just competition.","Mutualistic to antagonistic, Antagonistic to mutualistic","Group size, fitness differences","Population dynamics, interaction with other species (e.g. prey, parasites)","In socially interacting groups, where variation between individuals provide fitness benefits, this can maintain genetic diversity.",social heterosis as a mechanism for the maintenance of genetic and trait variation,,,Yes,,NM,Include,,Agree with reviewer decision,Modelling,y,y
MA34,28,KJB,Bet hedging based cooperation can limit kin selection and form a basis for mutualism,"Uitdehaag, Joost C. M.","(Uitdehaag, 2011)",Modelling/theory,Modelling/theory,Modelling,Intra-specific (within population),Individuals,Intraspecific,n/a,Competition-cooperation,Competition-cooperation,JOURNAL OF THEORETICAL BIOLOGY,280,1,76-87,2011,10.1016/j.jtbi.2011.04.002,43923.28471,KJB,NA,NA,Variance in offspring number over time and covariance between types in offspring numbers,NA,Relatedness is used as a pre-set parameter that affects the outcome of the model.,NA,"Yes, otherwise competing types become mutualistic if they experience a 'good' environment at very different times.",Antagonistic to mutualistic,Competitive similarity,Potentially speciation,"The formation of mutualisms within and between groups subject to kin/tag-based selection, where cooperation among more phenotypically different individuals can act as a form of bet-hedging where there is ITV in environmental responses.",The species generate each other's niche that they then have to stick to.,Somewhat similar to MA359,,Yes,,NM,Include,,Agree with reviewer decision,Modelling,y,y
MA371,29,KJB,The effects of behavioral plasticity and leadership on the predictions of optimal skew models,"Hamilton, Ian M.","(Hamilton, 2013)",Modelling/theory,Modelling/theory,Modelling,Intra-specific (within population),Individuals,Intraspecific,n/a,Group persistence,Competition-cooperation,BEHAVIORAL ECOLOGY,24,2,444-456,2013,10.1093/beheco/ars182,2/15/2020 7:14:52,KJB,NA,NA,model 1 : Share of group productivity allocated to partner and partner's threshold for group dissolution. Model 2: competitive ability of both partners,"The traits don't really vary (multiple trait values are being considered, but populations with multiple trait values in them at the same time are not)","No, although relatedness is taken as a parameter.",NA,Not in the sense that we are looking for. Group dissolution is discussed though as the outcome of an interaction.,Mutualistic to antagonistic,The willingness to share the group productivity.,unknown,"The division of resources and reproduction between members of social groups, where leadership heirarchies influence the distribution of fitness benefits across groups.","Yes, in the sense that the paper distinguishes two types of individuals that play different roles (leaders and subordinates).",NA,No,No,There is no evidence of trait variation,MW/NM,Include,,"Conflicting decision made [NM: I think it may be included, as there is intraspecific variation (among groups) in trait values, and resulting changes in reproductive skew could be interpreted as variation in the cooperation-competition relationship between group members. MW: Agreed, and also at least for some of their models, they consider individual traits different from the population mean.]",Modelling,y,
MA370,30,NM,The effect of keystone individuals on collective outcomes can be mediated through interactions or behavioral persistence,"Pinter-Wollman, N. and Keiser, C.N. and Wollman, R. and Pruitt, J.N.","(Pinter-Wollman et al., 2016)",Modelling/theory,Modelling/theory,Modelling,Intra-specific (within population),"Individuals, Populations",Intraspecific,n/a,"Competition-cooperation, Cooperation (in prey attack)- Disease transfer",Competition-cooperation,American Naturalist,188,2,240-252,2016,10.1086/687235,1/22/2020 1:22:42,NM,NA (generalized social group. but based on group hunting social spider Stegodyphus dumicola),NA,"Social influence (keystone individual with a high degree of influence on the behavioural composition and/ collective behaviour of a group, in the study species this is a high boldness individual)",NA,Not stated in the paper,NA,"Yes, shows a trade-off between positive and negative outcomes of collective behaviour that is influenced by the presence of keystone (high boldness) individuals in the group","Mutualistic to antagonistic, Antagonistic to mutualistic, A trade-off between negative and positive collective outcome implies it moves in both directions.",The persistence of behaviours within the group; the degree of behavioural influence between group members; and patterns of interactions between group members,influences the costs and benefits of collective behaviours (terms collective outcomes),"The role of influence variation (keystone individuals) within groups on collective foraging and disease dynamics, where variation the behavioural compoisiton of groups influences the outcome of collective behaviour. ",shows factors influencing intraspecific social niches,,,Yes,,MW,Include,,Agree with reviewer decision,Modelling,,y
MA18,31,CM,Antagonistic evolution in an aposematic predator-prey signaling system,"Speed, Michael P. and Franks, Daniel W.","(Speed and Franks, 2014)",Modelling/theory,Modelling/theory,Interspecific,"Inter-specific (2 species), Intra-specific (within population)","Individuals, Populations",Inter- and Intraspecific,predator-prey,Consumer-resource/predator-prey,Consumer-resource/plant-animal,EVOLUTION,68,10,2996-3007,2014,10.1111/evo.12498,43781.1237,CM,NA,NA,"apperance and toxicity level of prey, which influences predator decision making",prey,locus and alleles assumed,NA,Yes,Mutualistic to antagonistic,toxicity and aposematic signaling of prey,environmental heterogeneity can drive evolutionary antagonism,"The maintenance of prey signals (defence traits) in chemically defended species, where variation in signals can lead to antagonistic/exploitative interactions.",potentially,NA,NA,Yes,,NM,Include,,Agree with reviewer decision,Modelling,y,y
MA183,32,PT,Host-parasite dynamics lead to mixed cooperative games,"Stopka, Pavel and Johnson, Dominic D. P.","(Stopka and Johnson, 2012)",Modelling/theory,Modelling/theory,Modelling,"Inter-specific (2 species), Intra-specific (within population)",Not really; just about whether to cooperate or not,Intraspecific,n/a,Cooperation in removing parasites,Competition-cooperation,FOLIA ZOOLOGICA,61,43924,233-238,2012,10.25225/fozo.v61.i3.a7.2012,43811.8812,PT,n/a,NA,"Payoffs, which depend on parasite loads, efficiency of grooming and the mobility of parasites.","The host ... but it's not really that a trait varies.  It's more that all individuals use the same evolved settings, but then have different parasite loads, so may behave differently -- and this could lead to cooperation.",No,NA,"No, just cooperation really (although they address it in terms of the Prisoner's Dilemma)",,Ecological: parasite load changes the payoffs..,Alterations in parasite load,"The influence of parasite dynamics on participation in cooperative allogrooming, where parasite loads influence the expression of cooperative behaviour. ",I don't think so.,,"There's not really antagonism, it's more about whether to cooperate or not.  The difference in 'trait' comes about not through inherent differences in the individuals, but thier parasite loads.  The authors don't seem to know the literature well and pitch things a bit weirdly (e.g., having individuals cooperate with 50% probability in the first interaction, rather than that level evolving).  So, it's not great!",Maybe,See answer to Q16,NM,Include,,"Considered that variation in grooming behaviour influences the level of cooperation, where cooperation is discussed in the context of Prisoner's Dilemma (self-interested competition) (note: issues with the study may be addressed in the review)",Modelling,y,y
MA294,33,NM,Private benefits and metabolic conflicts shape the emergence of microbial interdependencies,"Estrela, S. and Morris, J.J. and Kerr, B.","(Estrela et al., 2016)",Modelling/theory,Modelling/theory,Modelling,"Inter-specific (2 species), Intra-specific (between populations)",Model refers to strains (so could apply  to populations inter- or intraspecifically interacting),Inter- and Intraspecific,n/a,interdependency of functions between organisms (something like cooperation),Competition-cooperation,Environmental Microbiology,18,5,1415-1427,2016,10.1111/1462-2920.13028,1/21/2020 22:22:02,NM,NA (designed on microbial interactions primarily),NA,"Leaky traits (i.e. generalized traits that provide benefits to other organisms, particularly chemical production) ",NA,"The degree of privatization of 'leaky functions', i.e. the level that the benefits of the function are isolation to the organism performing the function",NA,"Yes, high privatization leads to independent genotypes, low levels lead to some exploitation, intermediate levels lead to mutually interdependent genotypes ","Mutualistic to antagonistic, Antagonistic to mutualistic",the model directly manipulates the degree of function privatization,the degree of interdependency between interacting 'strains',"The formation of interdependencies in microbial interactions, where mutually interdependent interactions were more likely to form when partners provided a moderate level of functional benefit to the other party.",unclear,,,Yes,,MW,Include,,Agree with reviewer decision,Modelling,,y
MA353,34,CM,State-space modelling of the drivers of movement behaviour in sympatric species,"Perez-Barbera, F.J. and Small, M. and Hooper, R.J. and Aldezabal, A. and Soriguer-Escofet, R. and Bakken, G.S. and Gordon, I.J.","(Perez-Barberia et al., 2015)",Modelling/theory,Observational; Modelling/theory,Interspecific,Inter-specific (2 species),Individuals,Inter- and Intraspecific,competition-cooperation,Competition-cooperation,Competition-cooperation,PLoS ONE,10,11,NA,2015,10.1371/journal.pone.0142707,43811.00872,CM,Ovis aries (sheep) and Cervus elaphus (red deer),sheep (Ovis aries); red deer (Cervus elaphus),"movement, food preferences, thermal insulation",in both species,NA,Behavioural (movement and foraging) and physiological (thermal insulation) phenotypes,yes,Mutualistic to antagonistic,density,multi-species animal movement under different babitat mosaics and abiotic environmental conditions,"Spatial variation in attraction and repulsion interactions between grazing animals, where spatial scale and density influence the expression of cooperative (swarming) or competitive (repulsion) behaviour.",Potentially for movement data and density-dependence aspects,NA,NA,Yes,,NM,Include,,Agree with reviewer decision,Cons-Res,,y
