abstract.id,row.id,TaskforceAllocation,FulltextTopicIdentifier,FulltextReviewer.initial,title,author,journal,volume,number,pages,year,doi,Timestamp,FulltextReviewer,StudyType,InteractionType,Scale,SpeciesInteracting,TraitDescription,SpeciesTraitVariation,GeneticNotes,What.is.the.scale.of.the.shift,Is.there.a.shift.in.the.interaction,What.is.the.direction.of.shift,What.factors.are.driving.that.shift,What.is.the.ecological.impact.of.the.interaction.and.shift.of.that.interaction,Is.there.a.connection.to.the.NC3,Reviewer.notes,Reviewer.outstanding.concerns,ReviewerDecision,ReviewerDecisionReason,ReviewerDecision.checked.by,FinalDecision,FinalDecisionReason,FinalDecisionNotes
MA109,52,Modelling,n/a,PT,Dynamics of populations with individual variation in dispersal on bounded domains,"Cantrell, Robert Stephen and Cosner, Chris and Yu, Xiao",JOURNAL OF BIOLOGICAL DYNAMICS,12,1,288-317,2018,10.1080/17513758.2018.1445305,12/12/2019 10:45,PT,Modelling/theory,Non-specific,Interspecific,u and v,Dispersal switching rate (and rate of local dynamical processes),"In some ways, both.  In another way, neither.",No.,Species,Yes. (Woo hoo!),"Either.  (When switching rate is high, the system is cooperative, when low, it's antagonistic.)",Mainly the switching rate between modes of migration,"Aside from cooperative/antagonistic, the stability of the system and the speed of invasion waves, I think.  (I'd need considerable time to really absorb this paper; it's quite maths-heavy.)","Hmm, probably not (aside from bieng useful for this project)","It's not an easy paper to digest; will take some deep thought to know how best to summarise it for the review, as the inputs are single (rate) values -- so it could be argued to *not* be relevant.  I think it's the sort of approach that Meike is more used to than I am -- so she may be able to digest it much more easily.","It's really that the trait gets set (high or low rate of switching between migration modes) and this then governs mutulaism/antagonism.  So it's not really that the trait itself varies, as it's an input.  However, I think the paper is still relevant to this review, as it says what should happen depending on that input.",Maybe,"There is no evidence of trait variation, It allows at trait to vary, and as that trait value cahnges, so does the cooperation/antagonism.  Which is why it's a maybe; it depends whether we can then interpret results in terms of subpopulations with different input values -- and that will require considerable thought.",NM,Include,,"Following reviewer reasoning, changing the trait in the model is shifts the quality of the interaction implying intraspecific variation in such a trait can shift the interaction"
MA224,104,Interspecific,host-symbiont,JK,Intraspecific variation in indirect plant-soil feedbacks influences a wetland plant invasion,"Allen, Warwick J. and Meyerson, Laura A. and Flick, Andrew J. and Cronin, James T.",ECOLOGY,99,6,1430-1440,2018,10.1002/ecy.2344,2/26/2020 8:20:01,JK,Experimental,Competition-cooperation,Interspecific,"Phragmites australis, Spartina alterniflora, soil biota","P. australis lineages (invasive, native)",P. australis,P. australis lineages differ genetically,Populations,yes,Antagonistic to mutualistic,soil biota,invasion success,potential niche construction via soil biota,complex interaction of two plant species mediated via soil,,Yes,,NM,Include,,Agree with reviewer decision
MA71,32,Modelling,n/a,KJB,Conflicting selection in the course of adaptive diversification: The interplay between mutualism and intraspecific competition,"Raimundo, R.L.G. and Gibert, J.P. and Hembry, D.H. and Guimares Jr., P.R.",American Naturalist,183,3,363-375,2014,10.1086/674965,02/04/2020 07:07,KJB,Modelling/theory,Competition-cooperation,Interspecific,NA,A 'magic' trait [literally taken from the paper],both,Offspring get the average of the parental trait values + a number from a normal distribution with mu =0 and sigma =0.05,"Species, Somehwat unclear as later the original species are again divided into subspecies.","The number of mutualistic partners that an individual typically encounters, determines how many species can co-exist.",Antagonistic to mutualistic,Number of mutualistic partner encountered,Speciation,Subniches are formed to respond to subniches in the mutualistic partner species,,,Maybe,"There is no evidence of trait variation, It is not so clear what happens when the amount of variation changes, rather the amount of variation is a prodcut of the model.",NM,Include,,Implied variation in abstract 'magic' trait is sufficent to meet the criteria
MA267,119,Interspecific,competition-cooperation,CM,Parabiotic associations between tropical ants: Equal partnership or parasitic exploitation?,"Menzel, F. and Blthgen, N.",Journal of Animal Ecology,79,1,71-81,2010,10.1111/j.1365-2656.2009.01628.x,12/12/2019 00:01,CM,Experimental,Competition-cooperation,Interspecific,Crematogaster modiglianii and Camponotus rufifemur (ant species),"nest initiation, foraging, trail.following, nest defence",both ant species,NA,nests as entities,yes,Mutualistic to antagonistic,Involvement of epiphyte (Poikilospermum cordifolium),foraging niches in parabiotic nests,different trophic niches in species interactions,NA,"somehow complex, a third ant species and a plant are also invloved in the interactions; I focused on the two main ant players",Yes,,NM,Include,,Agree with reviewer decision
MA353,157,Interspecific,competition-cooperation,CM,State-space modelling of the drivers of movement behaviour in sympatric species,"Prez-Barbera, F.J. and Small, M. and Hooper, R.J. and Aldezabal, A. and Soriguer-Escofet, R. and Bakken, G.S. and Gordon, I.J.",PLoS ONE,10,11,NA,2015,10.1371/journal.pone.0142707,12/12/2019 00:12,CM,Modelling/theory,Competition-cooperation,Interspecific,Ovis aries (sheep) and Cervus elaphus (red deer),"movement, food preferences, thermal insulation",in both species,NA,Individuals,yes,Mutualistic to antagonistic,density,multi-species animal movement under different babitat mosaics and abiotic environmental conditions,Potentially for movement data and density-dependence aspects,NA,NA,Yes,,NM,Include,,Agree with reviewer decision
MA263,116,Intraspecific,competition-cooperation,UE,On the reorganization of fitness during evolutionary transitions in individuality,"Michod, RE and Nedelcu, AM",INTEGRATIVE AND COMPARATIVE BIOLOGY,43,1,64-73,2003,10.1093/icb/43.1.64,02/06/2020 09:11,UE,Review,Competition-cooperation,Both,"e.g. origin of eukaryotic cell; green algae group, Volvocales (e.g. Volvox)",I am not sure,predessesors of eukayotic cells,no,"Individuals, I am not sure","""even if the groups initially form via antagonistic interactions, as may have been the case during the origin of the eukaryotic cell (e.g., (Maynard Smith and Szathma´ry, 1995; Michod and Nedelcu, 2003)""",Antagonistic to mutualistic,I do not know,"creating og higher order units, e.g. eukaryots, or multicellularity (or even higher units)",Shift from antagonism to cooperation at the origin from Eukaryots,,no clear trait,Yes,,NM,Include,,Agree with reviewer decision
MA344,153,Interspecific,competition-cooperation,NC,Spatial consequences for dolphins specialized in foraging with fishermen,"Cantor, Mauricio and Simoes-Lopes, Paulo C. and Daura-Jorge, Fabio G.",ANIMAL BEHAVIOUR,139,NA,19-27,2018,10.1016/j.anbehav.2018.03.002,01/06/2020 08:22,NC,Observational,Competition-cooperation,Both,"Tursiops truncatus, Homo sapiens",cooperativeness,Tursiops truncatus,No,,No,,,Cooperativeness decreases necessary foraging area and sometimes increases site conservatism.,"Yes, promotion of individual-level traits ",,No within-individual shift,Yes,,NM,Include,,"Agree with reviewer decision, among-individual variation in compeitive-cooperative interactions with fisherman if sufficient to show variation in the interaction"
MA360,160,Modelling,n/a,PT,Synthesizing perspectives on the evolution of cooperation within and between species,"Barker, J.L. and Bronstein, J.L. and Friesen, M.L. and Jones, E.I. and Reeve, H.K. and Zink, A.G. and Frederickson, M.E.",Evolution,71,4,814-825,2017,10.1111/evo.13174,01/09/2020 10:52,PT,Synthesis (supposedly!),Competition-cooperation,Both,n/a,"Level of cooperation, which in turn depends on various things like relatedness, resource-generating efficiency, competition, rates of evolution of asymmetric strategies, and outside options.",All.,No,"Individuals, Populations, Species",It focuses on the cooperation side.,"As usual, both -- depends on the circumstances.",Unspecified.,"Mainly just whether they cooperate or not (though left to the reader's imagination what that means if they're more efficient at foraging, etc.","Yes, but it doesn't really get into niches.",,Mainly jsut about cooperation -- not antagonism.,Yes,,NM,Include,,Agree with reviewer decision
MA76,35,Intraspecific,competition-cooperation,ET,Cooperation and conflict in ant foundress associations: insights from geographical variation,"Cahan, SH",ANIMAL BEHAVIOUR,61,4,819-825,2001,10.1006/anbe.2000.1671,11/21/2019 22:30:34,ET,Experimental,Competition-cooperation,Intraspecific,Messor pergandel,Behavioural phenotype,,No,"Individuals, Populations",Yes,"Mutualistic to antagonistic, Antagonistic to mutualistic",Social,Investment,Yes,"Non-social Foundresses shifted towards cooperation (regarding investment decisions) when in social context, whereas social Foundresses shifted towards competition.",,Yes,,NM,Include,,Agree with reviewer decision
MA8,4,Intraspecific,competition-cooperation,UE,Adaptations for social cognition in the primate brain,"Platt, M.L. and Seyfarth, R.M. and Cheney, D.L.",Philosophical Transactions of the Royal Society B: Biological Sciences,371,1687,NA,2016,10.1098/rstb.2015.0096,02/06/2020 21:50,UE,Review,Competition-cooperation,Intraspecific,"Old world monkeys, e.g.baboons (Papio spp.), Assamese macaques, Macaca assamensis; Barbary macaques, Macaca sylvana; geladas, Theropithecus gelada, chimpanzees, Pan troglodytes; rhesus macaques, Macaca mulatta","unclear, whether genetic, skills, motivation; some evidence for ""adaptive influence of genes on neural circuits and neuromodulatory systems mediating social function""",see Q6; experiments in Rhesus macaques,very little to date; some suggest some heritability (one study),Individuals,yes; individuals have to decide whether to cooperate and/or compete with each other,"Mutualistic to antagonistic, Antagonistic to mutualistic, can go forth and back, depending on the situation",likely individual decisions,[my interpretation:] selction for social behaviour,"yes, individual differences, personality",,"no clear shift, as individuals have to decide in each interaction whether they cooperate or compete",Yes,,NM,Include,,"Agree with reviewer decision, individual variation is considered in a range of neurological/behavioural traits that leads to variation along the m-a continuum"
MA11,7,Intraspecific,competition-cooperation,JW,Age-dependent change of coalitionary strategy in male Barbary macaques,"Rathke, E.-M. and Berghnel, A. and Bissonnette, A. and Ostner, J. and Schlke, O.",Primate Biology,4,1,01-Jul,2017,10.5194/pb-4-1-2017,1/27/2020 19:50:17,JW,Observational,Competition-cooperation,Intraspecific,Macaca sylvanus,Age,Macaca sylvanus,NA,Individuals,Yes,Antagonistic to mutualistic,Social,"Reproductive strategy, mating success.",Yes,NA,NA,Yes,,NM,Include,,Agree with reviewer decision
MA34,16,Modelling,n/a,KJB,Bet hedging based cooperation can limit kin selection and form a basis for mutualism,"Uitdehaag, Joost C. M.",JOURNAL OF THEORETICAL BIOLOGY,280,1,76-87,2011,10.1016/j.jtbi.2011.04.002,02/04/2020 06:49,KJB,Modelling/theory,Competition-cooperation,Intraspecific,NA,Variance in offspring number over time and covariance between types in offspring numbers,NA,Relatedness is used as a pre-set parameter that affects the outcome of the model.,Individuals,"Yes, otherwise competing types become mutualistic if they experience a 'good' environment at very different times.",Antagonistic to mutualistic,Competitive similarity,Potentially speciation,The species generate each other's niche that they then have to stick to.,Somewhat similar to MA359,,Yes,,NM,Include,,Agree with reviewer decision
MA63,29,Modelling,n/a,MW,Competitive altruism: from reciprocity to the handicap principle,"Roberts, G",PROCEEDINGS OF THE ROYAL SOCIETY B-BIOLOGICAL SCIENCES,265,1394,427-431,1998,10.1098/rspb.1998.0312,01/02/2020 23:29,MW,"Modelling/theory, Review",Competition-cooperation,Intraspecific,NA,generosity,NA,NA,Populations,yes,depends,e.g. the extent to which partner choice is possible,NA,NA,"Key sentence: ""introducing individual differences in generosity combined with partner choice can lead to competition for partners and thereby to an escalation in generosity which is rewarded by greater benefits for those which choose to or can invest more""",NA,Yes,,NM,Include,,Agree with reviewer decision
MA103,48,Intraspecific,competition-cooperation,JW,Does soil type drive social organization in southern hairy-nosed wombats?,"Walker, Faith M. and Taylor, Andrea C. and Sunnucks, Paul",MOLECULAR ECOLOGY,16,1,199-208,2007,10.1111/j.1365-294X.2006.03131.x,1/27/2020 23:29:37,JW,Observational,Competition-cooperation,Intraspecific,Southern hairy-nosed wombats (Lasiorhinus latifrons),spatiotemporal social organization,Southern hairy-nosed wombats (Lasiorhinus latifrons),NA,Populations,Yes,Antagonistic to mutualistic,natural variation in wombat habitat structure (soil type and consequent burrow distributions),population processes and behaviors,Yes,NA,No,Yes,,NM,Include,,"Agree with reviewer decision, social state as the trait driven by extrinsic conditions, towards more cooperative or competitive intraspecific interactions"
MA106,50,Intraspecific,competition-cooperation,BC,Dominance hierarchies in group-living cleaning gobies: causes and foraging consequences,"Whiteman, EA and Cote, IM",ANIMAL BEHAVIOUR,67,2,239-247,2004,10.1016/j.anbehav.2003.04.006,12/24/2019 10:52:29,BC,Experimental,Competition-cooperation,Intraspecific,,,Elacatinus prochilos,no,Individuals,yes,Mutualistic to antagonistic,presence/absence of larger individuals,,"yes, the maintenance of individual-level traits; niche conformance",,no,Yes,,NM,Include,,"Agree with reviewer decision, size variation is associated with increased antagonism to other individuals, less cooperation in the formation of stable social hierarchies to occupy and share resources on sponge habitat patches."
MA120,58,Intraspecific,competition-cooperation,JW,Endocrinology of sociality: Comparisons between sociable and solitary individuals within the same population of African striped mice,"Schoepf, Ivana and Schradin, Carsten",HORMONES AND BEHAVIOR,64,1,89-94,2013,10.1016/j.yhbeh.2013.04.011,1/28/2020 0:05:02,JW,Experimental,Competition-cooperation,Intraspecific,African striped mouse (Rhabdomys pumilio),social flexibility (solitary vs group living and reproductive tactics),African striped mouse (Rhabdomys pumilio),NA,Individuals,Yes,Antagonistic to mutualistic,"population density (ecological), with testosterone and corticosterone as the proximate cause","Environmental change can impact group-living and physiological mechanisms, with further effects on behavior and fitness",Yes,NA,No,Yes,,NM,Include,,Agree with reviewer decision
MA174,79,Intraspecific,competition-cooperation,BC,Helping effort in primitively eusocial wasps,"Field, J. and Cant, M.",Annales Zoologici Fennici,43,05-Jun,481-487,2006,NA,12/16/2019 6:08:25,BC,Observational,Competition-cooperation,Intraspecific,"Polistes dominulus, Liostenogaster flavolineata",greater expected future fitness,"Polistes dominulus, Liostenogaster flavolineata",no,Individuals,yes,Mutualistic to antagonistic,"expected future fitness, i.e. rank order, or groups size ",,promotion of individual differences  - niche choice or niche conformance,,"no , except that they used data from a previous study",Yes,,NM,Include,,Agree with reviewer decision
MA204,93,Modelling,n/a,KJB,Inducible defence and the social evolution of herd immunity,"Frank, SA",PROCEEDINGS OF THE ROYAL SOCIETY B-BIOLOGICAL SCIENCES,265,1408,1911-1913,1998,10.1098/rspb.1998.0519,02/04/2020 02:05,KJB,Modelling/theory,Competition-cooperation,Intraspecific,NA,Relatedness,Focal species,"No, but relatedness is a parameter in the model.","Individuals, Populations","Yes, but it's a shift between populations w.r.t. their parameter values, not within one population over time",Antagonistic to mutualistic,"Relatedness. Furthermore, in a final model, variable resources lead to more individual  variation in defence allocation",NA,"Especially in the variable resource set up there are differences in vigour, leading to differential inversment in induction.",The model is very similar to Frank (1996) [MA286].,"The connection to our review is hard to see, but does seem to be present (requires interpretation though).",Yes,,NM,Include,,Agree with reviewer decision
MA205,94,Modelling,n/a,MW,Information use and resource competition: An integrative framework,"Lee, A.E.G. and Ounsley, J.P. and Coulson, T. and Marcus Rowcliffe, J. and Cowlishaw, G.",Proceedings of the Royal Society B: Biological Sciences,283,1825,NA,2016,10.1098/rspb.2015.2550,11/29/2019 20:55:47,MW,Modelling/theory,Competition-cooperation,Intraspecific,,competitive dominance,,"Not relevant for this model, since a short time scale is considered.","Individuals, Populations","Yes, in the sense that there are strong shifts in the frequency of scroungers vs. producers.","Mutualistic to antagonistic, Antagonistic to mutualistic",Anything that would affect the monopolizability of resource patches. Resource scarcity and rate of depletion are also important factors.,"They discuss consequences for population dynamics. If more individuals produce, the total resource discovery in the population increases and populations may grow faster, whereas scrounging may reduce population growth rates.",Interesting aspect with regard to maintenance of trait variation: variation in competitive ability also influences the maintenance of individual differences in the producer-scrounger behaviour.,"The impact of variation in competitive dominance is determined by the monopolizability parameter c. A change in this parameter can strongly change the proportion of scroungers in the population (see Figs. 1 and 2). For example, strong differences in competitive ability can make scrounging unattractive for most individuals because the most competitive ones would take most of the resources.","While scrounging is antagonistic, producing may not be strictly mutualistic. But I think it is sufficiently neutral/positive to make this an interesting paper to include.",Yes,,NM,Include,,Agree with reviewer decision
MA245,112,Modelling,n/a,PT,Modelling the co-evolution of indirect genetic effects and inherited variability,"Marjanovic, Jovana and Mulder, Han A. and Ronnegard, Lars and Bijma, Piter",HEREDITY,121,6,631-647,2018,10.1038/s41437-018-0068-z,01/08/2020 09:57,PT,Modelling/theory,Competition-cooperation,Intraspecific,N/A,Variability influences cooperation level (which is an evolving genetic trait),N/A,"Not really, it's all theory (though mentions speices occasionally to keep readers interested).","Individuals, Populations","Yes.  Though it's sort of interesting as the mutualism (or cooperation) level is set genetically for an individual and responds to surroundings, but will also evolve over time (which is a different type of 'shift' in the interaction over time).",Depends on what's happening with variability,Social (level of variability feeds back to influence success of a type),"The variability in the population (e.g., variation in growth rates) and the level of cooperation within it.","Yes, relates to niches.",,"No, I think it's ok to include in the review.",Yes,,NM,Include,,Agree with reviewer decision
MA286,129,Modelling,n/a,KJB,Policing and group cohesion when resources vary,"Frank, SA",ANIMAL BEHAVIOUR,52,6,1163-1169,1996,10.1006/anbe.1996.0263,02/04/2020 00:47,KJB,Modelling/theory,Competition-cooperation,Intraspecific,NA,Degree of policing,NA,"No, but relatedness between individuals is taken as a covariate to explain the observed patterns.",Individuals,"Yes. (Particularly for group that have low relatedness, policing leads to less competition)",Antagonistic to mutualistic,"Trade-off between group productivity and the cost of policing, mediated by kinselection (relatedness)",NA,"Yes, particularly in the case with fluctuating resources, different individuals are expected to have different strategies.",,"The paper uses different terminology, so it was hard to determine whether these processes are really relevant.",Yes,,NM,Include,,Agree with reviewer decision
MA287,130,Intraspecific,competition-cooperation,NL,Policing and punishment across the domains of social evolution,"Singh, M. and Boomsma, J.J.",Oikos,124,8,971-982,2015,10.1111/oik.02064,02/11/2020 02:34,NL,Review,Competition-cooperation,Intraspecific,"many (eusocial insects, primates, fish, etc.) , but special glance on eusocial hymenoptera","behavioural phenotype (punishment, oophagy)",e.g. hymenoptera (Harpagoxenus sublaevis),relatedness,"Individuals, Caste",yes.1. punishment for the great good is dependent on the individual relatedness of sterile workers to the queen 2. Drone-producing workers should only eat each others eggs when the queen has little coecive power,Mutualistic to antagonistic,"relatedness, Behaviour of the queen","Benefits of the greater good (e.g. reduced reproductive conflict, increasing help)","maybe, but eusociality is a special case I guess, because all members of one caste share the same interests",,"mutualism is not mentioned, but plays a role in eusociality",Maybe,,NM,Include,,"Following reviewer reasoning, considering individuals in eusocial populations to show variation in selfishness-cooperation in interactions with their community"
MA332,146,Intraspecific,competition-cooperation,BC,Social complementation and growth advantages promote socially defective bacterial isolates,"Kraemer, S.A. and Velicer, G.J.",Proceedings of the Royal Society B: Biological Sciences,281,1781,NA,2014,10.1098/rspb.2014.0036,12/22/2019 20:40:34,BC,Experimental,Competition-cooperation,Intraspecific,,sporulation/swarming intensity/frequency,Myxococcus xanthus,"they look at clones, showing or not showing this trait as a result of a mutation","Individuals, Clones",yes,,"mutation, probably driven by social factors (density)",,yes,,,Yes,,NM,Include,,Agree with reviewer decision
MA337,148,Modelling,n/a,PT,Social network theory: new insights and issues for behavioral ecologists,"Sih, Andrew and Hanser, Sean F. and McHugh, Katherine A.",BEHAVIORAL ECOLOGY AND SOCIOBIOLOGY,63,7,975-988,2009,10.1007/s00265-009-0725-6,01/09/2020 03:17,PT,Review,Competition-cooperation,Intraspecific,n/a,Group size and network structure,n/a,No,Individuals,Somewhat.,Depends which way the numbers are shifting,Group size & network structure,Whether the group is cooperative,"Yes, though it's not a very strong one.","The paper is not a particularly useful one.  It basically says, ""Hey, social network theory might be useful for looking at various things in behavioural ecology; (e.g., cooperation, mate-choice, predator-prey interactions, etc).  So our paper shouldn't make much use of this, but could briefly refer to what's on p980 of it.","It's really just a quick pointer to other studies, rather than particularly useful in and of itself.",Yes,,NM,Include,,Agree with reviewer decision
MA354,158,Intraspecific,competition-cooperation,JW,Strategic adjustment of begging effort by banded mongoose pups,"Bell, M.B.V.",Proceedings of the Royal Society B: Biological Sciences,275,1640,1313-1319,2008,10.1098/rspb.2008.0173,1/29/2020 19:38:48,JW,"Observational, Experimental",Competition-cooperation,Intraspecific,Banded mongoose (Mungos mungo),variation in begging intensity; variation among helpers in responsiveness to begging,Banded mongoose (Mungos mungo),"Responsiveness to begging intensity varies by state and sex of pup, so there is some genetic basis",Individuals,Yes,"Antagonistic to mutualistic, Hard to respond to this question","ecological, social",Variation may have effects on signaller fitness,Yes,NA,No,Yes,,NM,Include,,Agree with reviewer decision
MA372,167,Modelling,n/a,MW,The evolution of cooperation by negotiation in a noisy world,"Ito, K. and McNamara, J. M. and Yamauchi, A. and Higginson, A. D.",JOURNAL OF EVOLUTIONARY BIOLOGY,30,3,603-615,2017,10.1111/jeb.13030,01/03/2020 00:04,MW,Modelling/theory,Competition-cooperation,Intraspecific,NA,investment in an interaction (and/or perception of the investment of the other individual),NA,"Here it is assumed that variation is due to noise, i.e. individuals making errors. The variation is non-heritable.",Populations,Not so clear that there is a shift in response to variation or here the distribution of the errors individuals make.,depends,curvature of cost and benefit functions,NA,,They write that variation due to errors is in many ways qualitatively analogous to variation in individual quality.,"""Under most conditions the magnitude of error has no influence on the evolutionary outcome"". More specifially, they show that the singular solution does not depend on the magnitude of error, but the convergence stability might. In any case, this is not an example of a very clear shift caused by variation.",Maybe,There is no shift in the quality of the interaction,NM,Include,,Considered variation in negotiation or level of noise changes the viability of a free-riding (antagonism) versus a cooperative strategy
MA373,168,Modelling,n/a,MW,The evolution of cooperative turn-taking in animal conflict,"Franz, M. and Van Der Post, D. and Schlke, O. and Ostner, J.",BMC Evolutionary Biology,11,1,NA,2011,10.1186/1471-2148-11-323,01/03/2020 00:26,MW,Modelling/theory,Competition-cooperation,Intraspecific,NA,"strength, i.e. fighting ability",NA,assumed non-heritable,Populations,"There should be a shift with changing magnitude of variation in strength, although they don't explore this explicitly (see comment below).",depends,"value of the resource that the fight is about, group size",NA,NA,"Over a range of parameter values, there are alternative stable states (turn-taking and contest competition). Shifts here could also be caused by stochastic processes and initial conditions.","Individual strength is drawn from a uniform distribution between 0 and 1. They do not explore different levels of variation. Therefore we can only indirectly infer the consequences of variation. Since they find that ""a decreasing ability to identify the stronger individual favours the evolutionary stability of the turn-taking strategy"", increasing variation in strength should hinder the evolution of turn-taking.",Yes,,NM,Include,,Agree with reviewer decision
MA376,170,Modelling,n/a,PT,The forager's dilemma: Food sharing and food defense as risk-sensitive foraging options,"Dubois, F and Giraldeau, LA",AMERICAN NATURALIST,162,6,768-779,2003,10.1086/379202,01/10/2020 03:20,PT,Modelling/theory,Competition-cooperation,Intraspecific,n/a,Foraging efficiency (p),All individuals,"No (and, somewhat weirdly, foraging efficiency seems to be assigned randomly!)",Individuals,Yes (though that depends on regarding the hawk-dove game as being between antagonists and mutualists).,"It's a model, so just depends on the values","Resource availability (and variability), level of competition. ",Just whether they compete for a found resource or not.,Not a strong one; it's tenuous at best.,,"It's not clear to me that the trait (p) values really play a crucial role; they could vary betwene 0.49 and 0.51 and still get almost the same results, so far as I understand it; so arguably much more driven by external factors than the variability of traits.. (Also, I need to understand how p gets set -- seems random but the authors mention age & experience, which I don't understand yet.)",Yes,,NM,Include,,Agree with reviewer decision
MA386,175,Intraspecific,male-female,JW,The social context of a territorial dispute differentially influences the way individuals in breeding pairs coordinate their aggressive tactics,"Schuppe, E.R. and Sanin, G.D. and Fuxjager, M.J.",Behavioral Ecology and Sociobiology,70,5,673-682,2016,10.1007/s00265-016-2088-0,1/30/2020 0:25:42,JW,Experimental,Competition-cooperation,Intraspecific,Downy woodpecker (Picoides pubescens),coordinated aggressive responses,Downy woodpecker (Picoides pubescens),No,Individuals,Yes,NA,"social context (i.e., fiercer competition from intruders)",adaptive social decision-making in animals,Yes,NA,No,Yes,,NM,Include,,Agree with reviewer decision
MA401,184,Intraspecific,competition-cooperation,CF,Variable ecological conditions promote male helping by changing banded mongoose group composition,"Marshall, Harry H. and Sanderson, Jennifer L. and Mwanghuya, Francis and Businge, Robert and Kyabulima, Solomon and Hares, Michelle C. and Inzani, Emma and Kalema-Zikusoka, Gladys and Mwesige, Kenneth and Thompson, Faye J. and Vitikainen, Emma I. K. and Cant, Michael A.",BEHAVIORAL ECOLOGY,27,4,978-987,2016,10.1093/beheco/arw006,03/03/2020 22:13,MW,Observational,Competition-cooperation,Intraspecific,"banded mongoose, Mungos mungo",sensitivity to fluctuations in rainfall (and thus food availability),"banded mongoose, they focus on variation between the sexes; females are more sensitive to variation in rainfall than males","not discussed, variation between the sexes","Individuals, Social groups","yes, with increasing variation in rainfall, males (at least older males) become more cooperative",Antagonistic to mutualistic,Variability in rainfall,Probably overall higher survival of pups in the group,Variation in social niche,"Variability in rainfall reduces female survival more than male survival, leading to more male-biased groups. Older males in such groups then increase their investment into cooperation, i.e. baby-sitting and escorting.",The variation here is between males and females. Is this individualised enough?,Yes,,NM,Include,,Agree with reviewer decision
MA403,186,Modelling,n/a,MW,Variation and the response to variation as a basis for successful cooperation,"McNamara, J.M. and Leimar, O.",Philosophical Transactions of the Royal Society B: Biological Sciences,365,1553,2627-2633,2010,10.1098/rstb.2010.0159,01/02/2020 23:21,MW,"Modelling/theory, Review",Competition-cooperation,Intraspecific,NA,"aspects of personality (e.g. trustworthyness, or more specifically number of rounds before defection in an iterated prisoner's dilemma), but also other needs and abilities of individuals",NA,NA,Populations,yes,can be both depending on the direction of parameter change,e.g. mutation rate,NA,"Interesting thought that ""variation in one trait maintains the variation in the other, and vice versa""","Relevant insights: 1) If there is a lot of variation (e.g. due to mutation) in the number of rounds before defection in the iterated prisoner's dilemma, it can make sense for individuals to cooperate for longer than the population average and cooperativeness increases in the population. 2) Variation in partner quality can promote the evolution of choosiness, which penalizes less cooperative individuals and thus promotes cooperation. 3) In fighting situations, costly displays can be seen as cooperative because they help resolve the fight and reduce its costs. Such displays can only evolve if there is sufficient variation in strength among individuals.",NA,Yes,,NM,Include,,Agree with reviewer decision
MA127,62,Modelling,n/a,MW,Evolution Of Helping And Harming In Heterogeneous Groups,"Rodrigues, A.M.M. and Gardner, A.",Evolution,67,8,2284-2298,2013,10.1111/evo.12110,12/04/2019 03:16,MW,Modelling/theory,Competition-cooperation,Intraspecific,"General model, mentions slime moulds and social wasps as potential empirical examples",fecundity,NA,"assumed to be non-genetic, non-heritable","Individuals, Populations","They show that the amount of variation in fecundity can change the potential for helping and harming behaviors. Interestingly, variation in fecundity can also increase relatedness within local neighbourhoods and thereby promote cooperation.",both directions potentially possible,"spatial structure (degree of local competition, migration rate), whether or not individuals can conditionally help high-quality or low-quality individuals",not discussed,"the conditional helping or harming can be interpreted as social niche conformance, they also mention that the mechanisms they describe can reinforce variation in fecundity because the low-quality individuals are selected to give up more of their fecundity to help others",NA,I am not sure I understood everything because the paper was not very clearly written in my opinion.,Yes,,NM,Include,,Agree with reviewer decision
MA228,106,Intraspecific,competition-cooperation,NL,Large-scale regional variation in cooperation and conflict among queens of the desert ant Messor pergandei,"Helms, K.R. and Helms Cahan, S.",Animal Behaviour,84,3,499-507,2012,10.1016/j.anbehav.2012.05.019,02/02/2020 21:48,NL,"Observational, Experimental",Competition-cooperation,Intraspecific,Messor pergandei,"polygyny vs monogyny, behavioural phenotype, geographic variation, ",Messor pergandei,yes. Genetic differences correlate with geographic differences,Populations,"yes, queens from polygynous colonies fought less in an experimental setup than queens from  monogynous colonies  ",Mutualistic to antagonistic,"genetic, geographic ","homogeneity within colony, adaptation to environment, gene flow,natural selection","yes, niche variation, but on population-level rather that individual level",,no,Yes,,NM,Include,,Agree with reviewer decision
MA334,147,Modelling,n/a,MW,Social heterosis and the maintenance of genetic diversity,"Nonacs, P. and Kapheim, K.M.",Journal of Evolutionary Biology,20,6,2253-2265,2007,10.1111/j.1420-9101.2007.01418.x,11/29/2019 22:24:12,MW,Modelling/theory,Competition-cooperation,Intraspecific,,"Model is not specific, but they mention several examples, e.g. skills, trophic polymorphisms, parasite resistance",,"assume fully heritable trait, single locus with two or more alleles",Group/patch within a randomly mating population,"It is assumed that individuals in mixed groups (with 2 or more alleles) have increased fitness. Therefore, these mutualistic interactions are only present with intraspecific variation. Without it, there is just competition.","Mutualistic to antagonistic, Antagonistic to mutualistic","Group size, fitness differences","Population dynamics, interaction with other species (e.g. prey, parasites)",social heterosis as a mechanism for the maintenance of genetic and trait variation,,,Yes,,NM,Include,,Agree with reviewer decision
MA338,149,Modelling,n/a,PT,Socially mediated speciation,"Hochberg, ME and Sinervo, B and Brown, SP",EVOLUTION,57,1,154-158,2003,10.1554/0014-3820(2003)057{[}0154:SMS]2.0.CO;2,01/09/2020 05:24,PT,Modelling/theory,Competition-cooperation,Intraspecific,n/a,behavioural phenotype,n/a,No,"Individuals, Populations","Yes, though it's more about the emergence of mutualism than antogonism.",Model; simply depends on values.,Social discrimination (which in turn depends on variability in the population),"Emergence of social grouping (into 'tribes', as the authors put it).",Yes.,,I'd not particularly say it was about antagnism -- but a useful model nonetheless.,Yes,,NM,Include,,"Agree with reviewer decision, spite/selfishness in social interactions sufficient to show interactions are considered along a m-a continuum"
MA5,3,Intraspecific,competition-cooperation,UE,A Hypervariable Invertebrate Allodeterminant,"Nicotra, M.L. and Powell, A.E. and Rosengarten, R.D. and Moreno, M. and Grimwood, J. and Lakkis, F.G. and Dellaporta, S.L. and Buss, L.W.",Current Biology,19,7,583-589,2009,10.1016/j.cub.2009.02.040,02/06/2020 05:15,UE,Experimental,Competition-cooperation,Intraspecific,Hydractinia symbiolongicarpus (Cnidaria),alleles (f vs. r) at locus alr1 and alr2,Hydractinia symbiolongicarpus (Cnidaria),"yes: 2 shared: fusion none shared: rejection  1 shared at alr2: initial fuse, but separation after 1-3 days (type I) 1 shared at alr1: initial fuse 1-4 days, then cyles of rejection and (re)fusion (type II)","Individuals, although individual is not quite correct, as one ""individual"" is likely a colony of Cnidarians, if I understand correctly; also, they can fuse, so two ""individuals"" become one",yes,"Both: two neighbours: either they fuse, or they fight (or occssionaly, a circle of initial fusion and then rejection)",alleles,???,yes; individual differences,mechanism of recognition foreign cells; on the genetic level elucidated,no,Yes,,NM,Include,,Agree with reviewer decision
MA162,75,Interspecific,plant-animal,NC,Gender- and sequence-dependent predation within group colonizers of defended plants: a constraint on cheating among bark beetles?,"Aukema, BH and Raffa, KF",OECOLOGIA,138,2,253-258,2004,10.1007/s00442-003-1433-y,01/06/2020 10:11,NC,Experimental,Competition-cooperation,Intraspecific,"Ips pini, Thanasimus dubius",predation reduces the effciciency of cheating,Ips pini,No,Individuals,No,Antagonistic to mutualistic,Predation,Propensity to colonize instead of follow and use provided resources,Yes,,Measures are based on survival - no behaviour/inheritance implied,Maybe,There is no evidence of trait variation,NM,Include,,"Considered trait variation in cooperative breeding strategy (searching v cheating search strategy); Predation pressure disproportionately effects cheaters so intraspecific breeding interactions become more cooperative, less exploitative. "
MA39,20,Intraspecific,competition-cooperation,ET,"Capuchin monkeys (Sapajus {[}Cebus] apella) play Nash equilibria in dynamic games, but their decisions are likely not influenced by oxytocin","Smith, Mackenzie F. and Leverett, Kelly L. and Wilson, Bart J. and Brosnan, Sarah F.",AMERICAN JOURNAL OF PRIMATOLOGY,81,4,NA,2019,10.1002/ajp.22973,11/21/2019 22:18:28,ET,Experimental,Competition-cooperation,Intraspecific,Sapajus (Cebus) apella,Behavioural phenotype (decision making),,No,Individuals,Yes,Mutualistic to antagonistic,Social,Reproductive success / Dominance,Yes,,,Yes,,NM,Include,,Agree with reviewer decision
MA78,37,Modelling,n/a,PT,Cooperation and conflict in the evolution of multicellularity,"Michod, RE and Roze, D",HEREDITY,86,1,01-Jul,2001,10.1046/j.1365-2540.2001.00808.x,12/09/2019 10:53,PT,Modelling/theory,Competition-cooperation,Intraspecific,n/a,"mutation rate, group size (N), propagule size",There's only really one species,No,"Individuals, Populations","Yes, sort of.  It's mainly about whether to be a single cell or have multi-cellularity though, so the antagonism is not refered to as such (but in a way could appear in the form of the PD game).",Antagonistic to mutualistic,Mainly mutation rate,Going to a multicellur organism (with group benefits that outweigh the benefit of operating alone).,Not really -- unless you regard multicellularity as a type of social niche!,,n/a,Yes,,NM,Include,,Agree with reviewer decision
MA201,91,Modelling,n/a,PT,Individual variation behind the evolution of cooperation,"Barta, Zoltan",PHILOSOPHICAL TRANSACTIONS OF THE ROYAL SOCIETY B-BIOLOGICAL SCIENCES,371,1687,NA,2016,10.1098/rstb.2015.0087,12/13/2019 5:59:19,PT,Review,Competition-cooperation,Intraspecific,n/a,"Various: variation in potential to remain in the interaction, variation in state, parental care decisions (alternate vs sequential), uncertainty over partner's state, etc.",The focal species,No.,"Individuals, Populations",Not really -- it's about the cooperations spectrum rather than antagonism per se.,"Review mainly of theory, so both ways (but just wrt cooperation)","ecological, abiotic, social, mutational",It's focused on cooperation rather than identifying other (ecological) impacts,To some degree,,Mainly just the concern that it's about cooperation; not about antagonism,Maybe,Not about the antagonism part; just about evol of cooperation.,NM,Include,,"Considering it sufficent to be referring to cooperation as evoluing in the context of competition based natural selection, to be considered on the competition-cooperation continuum"
MA2,1,Interspecific,plant-animal,CM,A common framework for identifying linkage rules across different types of interactions,"Bartomeus, Ignasi and Gravel, Dominique and Tylianakis, Jason M. and Aizen, Marcelo A. and Dickie, Ian A. and Bernard-Verdier, Maud",FUNCTIONAL ECOLOGY,30,12,1894-1903,2016,10.1111/1365-2435.12666,12/11/2019 02:37,CM,"Modelling/theory, Review",Consumer-resource,Interspecific,NA,"body size; incisive strength dry matter content; pollinator tongue length, plant nectar  ",in both (modelling of trait-matching),NA,"Individuals, Species",yes,"Mutualistic to antagonistic, Antagonistic to mutualistic",trait variation and trait matching,"ecosystem functioning, architecture of biodiversity",NA,,,Yes,,NM,Include,,Agree with reviewer decision
MA18,9,Interspecific,predator-prey,CM,Antagonistic evolution in an aposematic predator-prey signaling system,"Speed, Michael P. and Franks, Daniel W.",EVOLUTION,68,10,2996-3007,2014,10.1111/evo.12498,12/11/2019 02:58,CM,Modelling/theory,Consumer-resource,Interspecific,NA,"apperance and toxicity level of prey, which influences predator decision making",prey,locus and alleles assumed,"Individuals, Populations",Yes,Mutualistic to antagonistic,toxicity and aposematic signaling of prey,environmental heterogeneity can drive evolutionary antagonism,potentially,NA,NA,Yes,,NM,Include,,Agree with reviewer decision
MA92,44,Interspecific,plant-animal,CM,Direct and indirect effects of pollinators and seed predators to selection on plant and floral traits,"Cariveau, D and Irwin, RE and Brody, AK and Garcia-Mayeya, LS and von der Ohe, A",OIKOS,104,1,15-26,2004,10.1111/j.0030-1299.2004.12641.x,12/11/2019 04:06,CM,Experimental,Consumer-resource,Interspecific,"plant: Castilleja linariaefolia; pollinators: Selasphorus platycerus and S. rufus (hummingbirds): florivores/seed predators: Platyptila pica (plume moth), Phytomyza spp. (fly)","calyx length, flower production, plant height -> influence pollination success",plant,,Individuals,Yes,"Mutualistic to antagonistic, Antagonistic to mutualistic",flower traits are selected by pollinators and seed-predators,change in reproductive success of a plant,NA,Species interactions of more than 2 species - makes it quite complex,NA,Yes,,NM,Include,,Agree with reviewer decision
MA60,27,Interspecific,plant-animal,CM,Competing for seed dispersal: evidence for the role of avian seed hoarders in mediating apparent predation among oaks,"Pesendorfer, Mario B. and Koenig, Walter D.",FUNCTIONAL ECOLOGY,31,3,622-631,2017,10.1111/1365-2435.12770,12/11/2019 03:51,CM,Observational,Consumer-resource,Interspecific,"plants: Quercus lobata, Q. agrifolia, Q. douglasii; birds: Aphelocoma californica and Melanerpes formicivorus",seed crop size and acorn availability,plants,NA,"Individuals, Landscape-wide seed availability",Yes,Mutualistic to antagonistic,seed availability affects seed dispersal quality of Aphelocoma californica,apparent predation can arise from contrasting responses of seed predators to acorn availability,NA,"Traits of both players need to be considered, tree trait: seed availability; bird trait: seed predation dynamimcs","quite complex, as there are multiple players (3 tree and 2 bird species) which interact",Yes,,NM,Include,,Agree with reviewer decision
MA183,83,Modelling,n/a,PT,Host-parasite dynamics lead to mixed cooperative games,"Stopka, Pavel and Johnson, Dominic D. P.",FOLIA ZOOLOGICA,61,03-Apr,233-238,2012,NA,12/12/2019 21:08,PT,Modelling/theory,Competition-cooperation,Intraspecific,n/a,"Payoffs, which depend on parasite loads, efficiency of grooming and the mobility of parasites.","The host ... but it's not really that a trait varies.  It's more that all individuals use the same evolved settings, but then have different parasite loads, so may behave differently -- and this could lead to cooperation.",No,Not really; just about whether to cooperate or not,"No, just cooperation really (although they address it in terms of the Prisoner's Dilemma)",,Ecological: parasite load changes the payoffs..,Alterations in parasite load,I don't think so.,,"There's not really antagonism, it's more about whether to cooperate or not.  The difference in 'trait' comes about not through inherent differences in the individuals, but thier parasite loads.  The authors don't seem to know the literature well and pitch things a bit weirdly (e.g., having individuals cooperate with 50% probability in the first interaction, rather than that level evolving).  So, it's not great!",Maybe,See answer to Q16,NM,Include,,"Considered that variation in grooming behaviour influences the level of cooperation, where cooperation is discussed in the context of Prisoner's Dilemma (self-interested competition) (note: issues with the study may be addressed in the review)"
MA217,100,Modelling,n/a,KJB,Intra-group relatedness affects parental and helper investment rules in offspring care,"Savage, J.L. and Russell, A.F. and Johnstone, R.A.",Behavioral Ecology and Sociobiology,67,11,1855-1865,2013,10.1007/s00265-013-1595-5,2/27/2020 2:21:23,KJB,Modelling/theory,Competition-cooperation,Intraspecific,NA,Investment in offspring rearing,NA,No (but relatedness between individuals is considered as a factor affecting optimal investment),Individuals,"Somewhat, it shows different degrees of helper investment in offspring rearing.",Depends on what direction relatedness moves,social,Total number of offspring produced,"Somewhat, dominant and helpers fulfill different roles in the group. Also, individuals are expected to invest more or less depending on their relatedness (and the variation in relatedness in the group)",No,No,Maybe,There is no evidence of trait variation,NM,Include,,"Considering the degree of relatedness as the level of genetic (and phenotypic) variation within a group, in the context of cooperation-conflict in group breeding context"
MA395,180,Intraspecific,male-female,CF,Transitivity and structural balance in marmot social networks,"Wey, Tina W. and Jordan, Ferenc and Blumstein, Daniel T.",BEHAVIORAL ECOLOGY AND SOCIOBIOLOGY,73,6,NA,2019,10.1007/s00265-019-2699-3,3/29/2020 1:51:33,CF,Observational,Competition-cooperation,Intraspecific,"yellow-bellied marmots, Marmota  flaviventer ",different types of affiliative or agonistic interactions,M. flaviventer,No,Individuals,"it looks at both types or interactions, but not a shift",no direction specified,"unclear, mostly social I guess",NA,"they recored individual behaviour for social network analysis, but do not particularly consider individual differences, so only spurious connection to the NC3",,"They are not such much interested in individual variation and its causes as in network structure, i.e. balance and transitivity",Maybe,There is no evidence of trait variation,NM,Include,,"Considered social affiliation as the trait, i.e. interpreting this as a social interaction between marmot X - marmot Y (cooperative-antagonistic), trait that varies is social affiliation (Y's social connection to marmot Z can be +ve or -ve), interaction shifts because transitivity (if Y has +ve connection with Z, the X-Y interaction is more cooperative, and vice versa). "
MA331,145,Intraspecific,male-female,CF,Social cohesion in yellow-bellied marmots is established through age and kin structuring,"Wey, Tina W. and Blumstein, Daniel T.",ANIMAL BEHAVIOUR,79,6,1343-1352,2010,10.1016/j.anbehav.2010.03.008,3/29/2020 1:57:57,CF,Observational,Competition-cooperation,Intraspecific,"yellow-bellied marmots, Marmota flaviventris",social interactions,M. flaviventris,No,Individuals,"affiliative and antagonistic interactions are recorded, but not the shift",No direct shifts observed,"not specified, mostly social I would guess",NA,"They look at the shift in interactions quality with age, sex and kinship, but less due to individual qualities beyond that",Variation in the behavioural traits are not really analysed here,"While individual differences are recorded they are fed into network analysis and shift in interaction quality are analysed due to age, sex and kinship and less so due to individual differences",Maybe,There is no evidence of trait variation,NM,Include,,"Considering 'tendency to initiate and receive interactions' as the trait that varies with age/sex/size, and this influences whether cooperative social interaction are formed"
MA73,33,Interspecific,host-symbiont,LKL,Context-dependent interactions of insects and defensive symbionts: insights from a novel system in siricid woodwasps,"Hajek, A.E. and Morris, E.E. and Hendry, T.A.",Current Opinion in Insect Science,33,NA,77-83,2019,10.1016/j.cois.2019.03.006,01/01/2020 03:00,LKL,Review,Host-symbiont,Interspecific,"wood- wasps (Siricidae), their fungal symbionts (Amylostereum), and parasitic Deladenus nematodes",dimorphic nematode can be mycophagous (feeding on fungal symbionts within tree where the host inhabit) or parasitic (bore into host at larval stage and the females are used as vectors),Deladenus nematodes (the parasite),"Probably, judging by the references ","Individuals, Populations",This review referred to two other studies suggesting that symbiont infection could be costly for the host when the parasitoids are absent.,"Mutualistic to antagonistic, Antagonistic to mutualistic, antagonistic (parasitism) <-> commensalism (parasite feeding on the symbiont and use the host as vector)",species or strain of their fungal symbiont; condition of dwelling tree (extra evidence: mycophagous nematodes turn into parasitic form under high CO2 and low pH in vitro),Nutrient cycles/energy flow/succession(?): Wood degradation process (habitats of other animals within the tree; fungal diversity,Yes,NA,NA,Yes,,NM,Include,,Agree with reviewer decision
MA157,72,Interspecific,host-symbiont,JW,From pattern to process: Species and functional diversity in fungal endophytes of Abies beshanzuensis,"Yuan, Z.-L. and Rao, L.-B. and Chen, Y.-C. and Zhang, C.-L. and Wu, Y.-G.",Fungal Biology,115,3,197-213,2011,10.1016/j.funbio.2010.11.002,1/28/2020 2:50:50,JW,Observational,Host-symbiont,Interspecific,Baishan fir (Abies beshanzuensis) and its endophytic fungi,Defensive traits,endophytic fungi species,Diversity in laccase genes contributes to ability to decompose needles,"Individuals, Species","Not specifically, but mentions it is possible",Mutualistic to antagonistic,"Ecological, genetic",Functional variation (and complementarity) in the fungal community may increase host fitness and optimize ecological processes and ecosystem functioning,Yes,NA,"This paper speculated that trait variation may drive a shift in the interaction between commensal to parasite, but it as not shown here",Maybe,There is no shift in the quality of the interaction,NM,Include,,"Considered that there is a lot of intraspecific variation in chemical traits, is presented in the context that this can shift between providing benefits to the host tree and being a decomposer/parasite (see Introduction re: ligninolytic enzymes)"
MA270,121,Interspecific,host-symbiont,JW,"Parasitism, personality and cognition in fish","Barber, I. and Mora, A.B. and Payne, E.M. and Weinersmith, K.L. and Sih, A.",Behavioural Processes,141,NA,205-219,2017,10.1016/j.beproc.2016.11.012,1/29/2020 3:03:30,JW,Review,Host-symbiont,Interspecific,Teleost fish and many types of parasites,Behavioral variation,Hosts,,Individuals,Yes,Infection susceptibility (antagonistic),"ecological, social",Parasitism may effect the ecology and evolution of behavior,Yes,NA,No,Yes,,NM,Include,,"Agree with reviewer decision, review covers individual variation in behavioural traits that influence intraspecific social interactions and their (cooperative-competitive balance)"
MA411,192,Interspecific,host-symbiont,NC,"Wolbachia requirement for oogenesis: occurrence within the genus Asobara (Hymenoptera, Braconidae) and evidence for intraspecific variation in A-tabida","Dedeine, F and Bouletreau, M and Vavre, F",HEREDITY,95,5,394-400,2005,10.1038/sj.hdy.6800739,01/06/2020 09:52,NC,"Observational, Experimental",Host-symbiont,Both,"Asobara wasps, Wolbachia",Species and strain genotypes,Asobara wasps,Between-population differences,"Populations, Species",Continuum of emancipation from symbionts,Obligate symbiosis to no symbiosis,phylogeny (co-evolution?),Potential development of resistance of antibiotics,Yes,,"Only yes/no, not variation within populations. The variation shown has no fitness effects. Fitness is always symbiont-dependent.",Yes,,NM,Include,,Agree with reviewer reasoning
MA156,71,Intraspecific,competition-cooperation,ET,Friend or foe: Inter-specific interactions and conflicts of interest within the family,"De Gasperin, O. and Kilner, R.M.",Ecological Entomology,40,6,787-795,2015,10.1111/een.12259,11/22/2019 1:13:09,ET,Experimental,Host-symbiont,Interspecific,"Poecilochirus carabi, Nicrophorus vespilloides",The duration of the mites life cycle closely matches the duration of parental care of the burying beetles.,Both,Strategies are inherited.,Species,Yes,"Mutualistic to antagonistic, Antagonistic to mutualistic",Density of parasite,High densities of parasites reduce reproductive success of beetles,No,,,Yes,,NM,Include,,Agree with reviewer decision
MA265,118,Interspecific,host-symbiont,RR,"Origins, Evolution, and Breakdown of Bacterial Symbiosis","Sachs, J.L.",Encyclopedia of Biodiversity: Second Edition,NA,NA,637-644,2013,10.1016/B978-0-12-384719-5.00382-8,03/02/2020 06:51,RR,Review,Host-symbiont,Interspecific,NA,NA,NA,NA,NA,"No, it just states a hypothesis about origins of bacterial mutualisims that mutualists would have come about from parasitic ancestors that have evolved to be less harmful over time to the point that beneficial interactions could evolve with hosts and that this could occur with the evolutionary shifts from horizontal to vertical transmissions. But it is not well tested and proved by the kind of analysis in the review because of sparse sampling size. also there is very little evidence to support the idea that cheaters evolve within bacterial mutualist populations and drive transitions from mutualism to parasitism in the context of evolutionary breakdown of mutualisms over time.",hypotheses are mentioned about transitions in both directions but not backed up with enough evidence or proofs,it is hypothesized that evolutionary shift from horizontal to vertical tranmissions can lead to evolution of mutualists fro parasitic relations (not properly proved) . Also it is hypothesized that Evolution of cheaters could lead to mutualism breakdown by transition from mutualism to parasitism but no enough evidence.,NA,NA,No,No,Maybe,"There is no evidence of trait variation, only hypotheses are given without enough evidences",NM,Include,,"Considering the discussion of cheater v cooperative types to represent trait variation, and the mechanisms controling quality of the interaction check with MW to be relevant to m-a shifts (under the section 'The Evolutionary Maintenance of Bacterial Mutualism')"
MA310,138,Interspecific,host-symbiont,RR,Rethinking Mutualism Stability: Cheaters and the Evolution of Sanctions,"Frederickson, Megan E.",QUARTERLY REVIEW OF BIOLOGY,88,4,269-295,2013,10.1086/673757,3/14/2020 3:28:06,RR,Review,Host-symbiont,Interspecific,"Yucca-yucca moth, fig-figwasps and legume-rhizobium mutualism",NA,"NA, It broadly discuss that host plants impose selection for cooperative traits but doesnot discuss about variation in these particular traits",NA,NA,"no shift in mutualism- antagonism but says about cheaters in these mutualisms and if cheaters and sanctions coevolve in these mutualisms , but very little evidence for this",NA,NA,NA,NA,no,no,Maybe,"There is no evidence of trait variation, There is no shift in the quality of the interaction, paper tries to see if cheaters and sanctions coevolve in mutualisms",NM,Include,,"Considering their dicussion of the role of cheaters and cooperators in fig-wasps, and the review of mechanisms that control the precense of cheating phenotypes to be relevant to shifts along the m-a continuum"
MA377,171,Modelling,n/a,MW,The fundamental role of competition in the ecology and evolution of mutualisms,"Jones, Emily I. and Bronstein, Judith L. and Ferriere, Regis",NA,1256,NA,66-88,2012,10.1111/j.1749-6632.2011.06552.x,12/04/2019 00:31,MW,Review,Host-symbiont,Interspecific,NA,investment in mutualism,NA,not really discussed,Species,"They discuss two potentially relevant scenarios: 1) In some cases, mutualists are at the same time engaged in interspecific competition (e.g. for butterflies engaged in Müllerian mimicry or for species performing interspecific group foraging). They argue that it depends on many factors whether the net effect of the interaction is positive or negative, but do not explicitly discuss the role of intraspecific trait variation here. 2) Variation in mutualist quality, in particular the presence of exploiters, may promote the long-term stability of the mutualism. The amount of intraspecific variation and the strength of competition may determine the direction of evolution on the mutualist-antagonist continnum.",both directions potentially possible,They argue that resource competition could be an important factor.,NA,Not so clear.,NA,"This is a review, so we would need to look up some of the original papers. I will include the ones that appear most relevant in the additional papers spreadsheet.",Yes,,NM,Include,,Agree with reviewer decision
MA160,74,Interspecific,plant-animal,NC,Functional consequences of plant-animal interactions along the mutualism-antagonism gradient,"Rodrguez-Rodrguez, M.C. and Jordano, P. and Valido, A.",Ecology,98,5,1266-1276,2017,10.1002/ecy.1756,01/07/2020 05:46,NC,Observational,Host-symbiont,Interspecific,"Isoplexis canariensis, mutualists and antagonists",centrality in the mating network allows more mutualist,Isoplexis canariensis,no,Individuals,yes,Mutualistic to antagonistic,distance to conspecifics,higher reproductive success via higher levels of mutualism for more central plants,yes,spatial rather than phenotypic/genetic determination of the shift,,Yes,,NM,Include,,"Agree with reviewer decision, defining the trait is tricky, but within-species variation assocaited with mutualistic-antagonistic variation is clear."
MA200,90,Intraspecific,male-female,CF,Individual variation and the resolution of conflict over parental care in penduline tits,"van Dijk, R.E. and Szkely, T. and Komdeur, J. and Pogny, A. and Fawcett, T.W. and Weissing, F.J.",Proceedings of the Royal Society B: Biological Sciences,279,1735,1927-1936,2012,10.1098/rspb.2011.2297,3/26/2020 22:03:46,CF,"Observational, combined with mathematical modelling of the data",Male-female,Intraspecific,"Penduline tit, Remiz pendulinus","behaviour, condition, attractiveness",R. pendulinus,No,Individuals,kind of,can take on both directions,"mostly social, but also ecological",none as far as I can tell,Yes it seems,this is about parental care and the individuals decision to desert or care for a clutch of eggs,NA,Yes,,NM,Include,,Agree with reviewer decision
MA236,110,Intraspecific,male-female,JW,Male reproductive skew is higher in bonobos than chimpanzees,"Surbeck, M. and Langergraber, K.E. and Fruth, B. and Vigilant, L. and Hohmann, G.",Current Biology,27,13,R640-R641,2017,10.1016/j.cub.2017.05.039,1/28/2020 23:02:25,JW,Observational,Male-female,Intraspecific,Non-interacting species: bonobos (Pan paniscus) and chimpanzees (Pan troglodytes),reproductive skew,Non-interacting species: bonobos (Pan paniscus) and chimpanzees (Pan troglodytes),"No, but the authors make the argument that reproductive skew is species-specific",Populations,Yes,"Mutualistic to antagonistic, Depending on the order of the species considered, bonobos to chimps",social,evolution of social and mating systems,Yes,NA,No,Yes,,NM,Include,,Agree with reviewer decision
MA271,122,Intraspecific,parent-offspring,CF,Parental care: Adjustments to conflict and cooperation,"Trillmich, F.",Animal Behaviour: Evolution and Mechanisms,NA,NA,267-298,2010,10.1007/978-3-642-02624-9_10,3/28/2020 21:40:53,CF,Review,Male-female,Intraspecific,Review of parental care in mostly mammals,NA,NA,NA,NA,NA,NA,NA,NA,NA,NA,"This was actually a chapter, so I only had access to the first two pages. It seems the chapter was concered with the shift in cooperation and conflict though in parental care. I guess we could ask Fritz Trillmich for a copy of the chapter, but hard to say how much individuality there is in that chapter as it sounded like a species-level comparison to me. ",Maybe,Full-text not accessible/not in English or German,NM,Include,,"Fulltext located, chapter addresses within-species variation in trait-state that shift male-female and parent offspring interactions"
MA319,141,Intraspecific,male-female,JW,Sexual conflict predicts morphology and behavior in two species of penduline tits,"Van Dijk, R.E. and Pogny, . and Komdeur, J. and Lloyd, P. and Szkely, T.",BMC Evolutionary Biology,10,1,NA,2010,10.1186/1471-2148-10-107,1/29/2020 18:14:43,JW,Observational,Male-female,Intraspecific,"Eurasian penduline tit (Remiz pendulinus), Cape penduline tit (Anthoscopus minutus)",parental care (sexual conflict over care),"Eurasian penduline tit (Remiz pendulinus), Cape penduline tit (Anthoscopus minutus)","The paper compares the trait across and within species, implying there is a genetic basis to the trait.","Individuals, Species",Yes,"Mutualistic to antagonistic, This question is confusing and context-dependent","Ecological, social","speciation, breeding systems, and the evolution of behavior and morphology",Yes,NA,No,Yes,,NM,Include,,Agree with reviewer decision
MA320,142,Intraspecific,male-female,BC,"Sexual conflict, ecology, and breeding systems in shorebirds","Szkely, T. and Thomas, G.H. and Cuthill, I.C.",BioScience,56,10,801-808,2006,10.1641/0006-3568(2006)56[801:SCEABS]2.0.CO;2,12/17/2019 15:34:06,BC,"Experimental, Review",Male-female,Intraspecific,,brooding / care of young,Kentish plover,no,Individuals,not within an individual,,adult sex ratio,possibility to remate,"yes niche choice, conformance ",it is a review summarizing multiple papers of the authors,it is not clear whether the trait varies among individuals only or within an individual,Maybe,"There is no shift in the quality of the interaction, as mentioned above not clear whether there is a trait shift within an individual",NM,Include,,"Considering the 'ability to find a mate' as the trait that varies (conspicuously between males and females here), that shifts the level of cooperation-conflict on the individuals within a pair"
MA321,143,Intraspecific,male-female,CF,Sexual cooperation relies on food controlled by females in agromyzid flies,"Ge, J. and Wei, J. and Tao, Y. and Kang, L.",Animal Behaviour,149,NA,55-63,2019,10.1016/j.anbehav.2019.01.001,3/24/2020 20:33:57,CF,Experimental,Male-female,Intraspecific,"pea leafminer, Liriomyza huidobrensis",food availability,pea leafminer,no,Individuals,"potentially, the antagonism is not cleary defined here","Antagonistic to mutualistic, can actually potentially go in both direction, depending on starvation status of males","abiotic, food availability, but this is dependent on female behaviour, so partly also social","not mentioned but these leafminers feed by puncturing bean plants, so potential ecological impact","not clear, I would say barely",,"I think the individual level is not strictly carved out. They created starved and non-starved male groups, if that is enought, then maybe the individuality criterium is covered",Yes,,NM,Include,,Agree with reviewer decision
MA215,99,Intraspecific,male-female,CF,Intra- and Intersexual Conflicts and Cooperation in the Evolution of Mating Strategies: Lessons Learnt From Ungulates,"Bro-Jrgensen, J.",Evolutionary Biology,38,1,28-41,2011,10.1007/s11692-010-9105-4,03/03/2020 20:36,MW,Review,Male-female,Intraspecific,Focus on various ungulate species,"Discusses various traits, but most relevant is male competitive ability and attractiveness ",ungulates,"Not much discussed, but mentions good-genes benefits of female mate choice.","Individuals, Populations","Yes, discusses cases where male-female, male-male, or female-female interactions are competitive or cooperative.",Depends,"e.g. resource dispersion, predation risk",NA,"Relation to variation in mating strategies within species, social niches.","Important insights: ""Variation in male competitive ability promotes female choosiness, which can enhance sexual conflicts with non-preferred males but promote cooperation with preferred males."" Formation of leks represents cooperation within and between sexes. The shift between conflict and cooperation is mostly between individuals, but one can also argue that the evolution of lekking represents a shift of the whole population.",NA,Yes,,NM,Include,,Agree with reviewer decision
MA246,113,Intraspecific,competition-cooperation,UE,Models of density-dependent genic selection and a new rock-paper-scissors social system,"Sinervo, Barry and Heulin, Benoit and Surget-Groba, Yann and Clobert, Jean and Miles, Donald B. and Corl, Ammon and Chaine, Alexis and Davis, Alison",AMERICAN NATURALIST,170,5,663-680,2007,10.1086/522092,02/07/2020 07:53,UE,"Observational, Experimental, Modelling/theory, Review",Male-female,Intraspecific,"Lacerta vivipara, and genus Uta","3 alleles (o,y, b)","Lacerta vivipara, and genus Uta","yes, three alleles, single locus, but also three recognition genes which are physically not linked (""coupled by correlational selection into a social supergene"")",Individuals,"yes, the different alleles are coupled to different behaviours, one is cooperative, the others are not","cyclic (rock, paper, scissors)",negative frequency depenent selection,ever changing frequencies of a particular morph (but stable cycles),"yes, different genes and different behavioural (social) niches",,it is cyclic- very cool,Yes,,NM,Include,,Agree with reviewer decision
MA375,169,Intraspecific,competition-cooperation,BC,The extended personality: indirect effects of behavioural syndromes on the behaviour of others in a group-living cichlid,"Hamilton, Ian M. and Ligocki, Isaac Y.",ANIMAL BEHAVIOUR,84,3,659-664,2012,10.1016/j.anbehav.2012.06.022,12/23/2019 19:08:52,BC,Experimental,Male-female,Intraspecific,NA,Agressive /submissive behaviour,Neolamprologus pulcher,no,,"no, is not investigated. ",,NA,NA,niche conformance,NA,NA,Maybe,There is no shift in the quality of the interaction,NM,Include,,"Considered the intraspecific trait variation to be the level of aggression between indivduals, and this alters the level of competition-cooperation within the social groups"
MA398,182,Intraspecific,competition-cooperation,NL,Turn-taking ceremonies in a colonial seabird: Does behavioral variation signal individual condition?,"Takahashi, L.S. and Storey, A.E. and Wilhelm, S.I. and Walsh, C.J.",Auk,134,3,530-541,2017,10.1642/AUK-17-26.1,02/11/2020 03:10,NL,"Observational, Experimental",Male-female,Intraspecific,Common murres (Uria aalge),"behavioural phenotype (Turn-taking, parental care, sociopositive behaviour)",Common murres (Uria aalge),"yes. ""mates should respond to information from their partners if they can do so without compromising their own condition beyond a critical threshold""",Individuals,yes (=maintaining its partner's health as well as its own),"Mutualistic to antagonistic, Antagonistic to mutualistic","foraging success, body condition of the partner",Maintanance of long-term pair bond --> Fitness benefits,yes,NA,NA,Yes,,NM,Include,,Agree with reviewer decision
MA405,188,Intraspecific,competition-cooperation,UE,Variation in individual investment strategies among social animals,"Komdeur, J.",Ethology,112,8,729-747,2006,10.1111/j.1439-0310.2006.01243.x,02/05/2020 22:41,UE,Review,Competition-cooperation,Intraspecific,"Microtus (2 species, prairie vole, mountain vole)","long allele variants were more social, more pair-bonding (both within species and between species comparisson)",Microtus (prairie vole vs. mountain voles),"yes, allele variants (longer alleles more social)","Individuals, Populations, Species",potentially shift from less social to more social,neutral to more social,not mentioned in this review paper,not mentioned,"Yes: individual differences matter, and may have different origin",good arguments against the optimality approach: there might not be selection for facultative decisions,NA,Yes,,NM,Include,,"Agree with reviewer decision, cooperation is presented in the context of sexual conflict"
MA284,128,Modelling,n/a,KJB,Plant-animal mutualism in biological markets: Evolutionary and ecological dynamics driven by non-heritable phenotypic variance,"Song, Zhiyuan and Feldman, Marcus W.",THEORETICAL POPULATION BIOLOGY,88,NA,20-30,2013,10.1016/j.tpb.2013.06.002,2/15/2020 6:34:15,KJB,Modelling/theory,Consumer-resource,Interspecific,NA,animal choosiness and plant reward offer,Mainly plant reward offer (this is the trait variation that drives the effect),"Focus is on non-heritable variation (this is driving the shift, although there are also genotypic components to the trait value)",Species,Yes,Antagonistic to mutualistic,"Biological. Trait variation in reward system in plants, requires animals to be more choosy w.r.t. the plant the visit, which then leads to the plants evolving higher rewards (more mutualistic)",Population sizes of the species are also affected by the trait variation.,"Somewhat, although separate niches do not develop.","Reminds me a bit of the Foster & Kokko (2006) paper, similar mechanisms are being described",No,Yes,,NM,Include,,Agree with reviewer decision
MA186,85,Modelling,n/a,KJB,"Hot spots, cold spots, and the geographic mosaic theory of coevolution","Gomulkiewicz, R and Thompson, JN and Holt, RD and Nuismer, SL and Hochberg, ME",AMERICAN NATURALIST,156,2,156-174,2000,10.1086/303382,02/04/2020 03:22,KJB,Modelling/theory,Non-specific,Interspecific,NA,Two discrete types in each species,Both,Perfect heritability,Populations,"The types per se remain constant through time, but their relative frequency changes, thereby changing the overall quality of the interaction on the population level.","depends, potentially cyclical. However, qualitatively the interaction remains of the same type everywhere, but the percentage of individuals participating in the interaction varies over time.","Patch connectedness, degree of mutualism vs. antagonism in the parameters",NA,Maintenance of two types over time is discussed.,,Paper requires a few steps of interpretation before it is applicable.,Maybe,"There is no shift in the quality of the interaction, It is not the interaction itself that changes over time, but rather the frequency of participants. That by itself could change the interaction on the scale between neutral and either antagonistic or mutualistic.",NM,Include,,"Following reviewer reasoning, changing in frequencies of participants will have a net change on the interaction at the population level"
MA301,136,Intraspecific,competition-cooperation,NL,Reconciling with Valuable Partners by Longtailed Macaques,"Cords, M. and Thurnheer, S.",Ethology,93,4,315-325,1993,10.1111/j.1439-0310.1993.tb01212.x,02/08/2020 03:51,NL,NA,Non-specific,Intraspecific,Macaca fascicularis,,Macaca fascicularis,NA,NA,NA,NA,NA,NA,NA,No full text available,NA,Maybe,Full-text not accessible/not in English or German,NM,Include,,"Fulltext located, study meets criteria for inclusion (trait variation related to variation in 'value' to conspecifics, individuals more likely to reconcile to form cooperative relationships with higher value individuals following aggressive competitive interactions)"
MA43,21,Intraspecific,competition-cooperation,BC,Cheats as first propagules: A new hypothesis for the evolution of individuality during the transition from single cells to multicellularity,"Rainey, Paul B. and Kerr, Benjamin",BIOESSAYS,32,10,872-880,2010,10.1002/bies.201000039,12/10/2019 18:42,BC,Hypothesis - opinion paper,Competition-cooperation,Intraspecific,Pseudomonas,"collective Behaviour , i.e. producing adhesive glue to form a mat",Pseudomonas,no,clones? as we are talking about bacteria,no,"some cells are cheaters, some produce the adhesive glue to form a mat",not known,"mobility , i.e. once a mat (imobile form of Pseudomoas cells) is formed the cheaters have the chance to ""leave"" ","not sure, i tend to say no",,"This paper uses two published papers, which in case they are relevant should pop up themselves in our literature search. The individual cells do not shift in their interaction type. ",Maybe,"There is no shift in the quality of the interaction, if we assume a mutation as a shift than it might be suitable",NM,Include,,"Following reviewer reasoning, the mutuations are variability in genotypes that are associated with differing phenotypes and collective behaviour, interaction that varies is the level of cooperation or compeitiion between individual cells"
